city,buildingArea,totalArea,bedrooms,bathrooms,floors,parking,age,furnishing,price
Trichy,1660.7684031648744,2498.16047538945,4,2,2,2,24,Fully Furnished,11131250.384709274
Madurai,3792.6498436277934,4802.857225639665,1,3,1,0,11,Fully Furnished,23145352.967092667
Trichy,3556.9039916515485,3927.9757672456203,4,1,2,1,9,Semi-Furnished,21654638.883126713
Coimbatore,2906.752769141248,3394.6339367881465,3,1,1,0,4,Unfurnished,17913948.18528139
Coimbatore,1432.9151420256032,1624.0745617697462,4,4,2,2,11,Fully Furnished,9812007.61323891
Chennai,1348.8342605693472,1623.9780813448106,3,2,1,1,17,Semi-Furnished,8573527.870175835
Salem,1037.9913596661509,1232.3344486727979,2,2,2,2,9,Semi-Furnished,6834762.456905036
Trichy,4005.815450982063,4464.704583099741,1,3,1,1,5,Unfurnished,24008815.029138975
Chennai,2340.170694592626,3404.4600469728352,4,2,2,2,27,Unfurnished,15171120.18203422
Salem,2955.840677887956,3832.290311184182,3,4,3,1,11,Unfurnished,18965031.42391682
Trichy,733.2009692374252,1082.33797718321,5,4,2,1,6,Fully Furnished,6338209.934188265
Madurai,4614.595952257236,4879.639408647978,1,3,1,1,17,Semi-Furnished,26826249.075535133
Trichy,4028.508456532764,4329.770563201687,2,4,3,1,1,Semi-Furnished,24489012.730239462
Coimbatore,1135.133845294856,1849.3564427131046,3,1,2,2,9,Semi-Furnished,8112330.035082577
Coimbatore,1462.9388873242654,1727.2998688284024,2,1,3,2,14,Unfurnished,9015984.835553277
Madurai,1601.5803345513923,1733.6180394137352,2,4,2,1,29,Semi-Furnished,9472453.152777748
Chennai,1470.296861132083,2216.968971838151,4,3,3,1,11,Fully Furnished,10441698.641300155
Salem,2475.4423441770764,3099.0257265289515,4,2,1,2,25,Unfurnished,15483321.420631586
Trichy,2510.7058025725205,2727.780074568463,3,3,2,1,16,Unfurnished,15311512.2010585
Coimbatore,1324.6715103997428,2164.9165607921677,5,2,2,1,3,Unfurnished,10103921.669749444
Chennai,2909.950093964353,3447.411578889518,3,4,1,1,6,Unfurnished,18471669.31750701
Madurai,1096.9271235445226,1557.9754426081672,5,4,3,0,29,Fully Furnished,7640742.587080153
Coimbatore,2002.7661871141063,2168.5785941408726,2,1,1,1,8,Semi-Furnished,12084742.154982526
Madurai,2317.200973814789,2465.4473731747667,1,2,1,0,18,Fully Furnished,13305941.22997627
Trichy,2627.9734772118836,2824.2799368681435,3,3,3,1,27,Semi-Furnished,15570016.571695248
Salem,3171.675528031707,4140.703845572054,3,4,1,2,26,Fully Furnished,19881384.490829147
Coimbatore,1621.9102481331201,1798.6951286334388,5,3,2,0,22,Unfurnished,10387030.270959169
Coimbatore,2737.769881615472,3056.9377536544466,2,1,2,0,6,Unfurnished,16428289.77165496
Trichy,2398.135807896149,3369.6582754481697,2,2,2,1,22,Fully Furnished,14965201.066070473
Chennai,1055.5062587187397,1185.8016508799908,5,2,1,1,1,Fully Furnished,7787740.145290317
Salem,2102.5376338472993,3430.1794076057536,2,4,2,0,5,Semi-Furnished,14502634.64143975
Coimbatore,1360.30211223121,1682.0964947491661,4,2,2,2,17,Fully Furnished,9044875.298739444
Salem,857.5743339881267,1260.206371941118,1,4,2,2,5,Fully Furnished,6246332.149275912
Coimbatore,3079.6895432900756,4795.542149013333,3,1,2,1,12,Semi-Furnished,20193253.52362134
Salem,3048.482367106299,4862.528132298237,1,2,2,2,25,Semi-Furnished,19428204.41073623
Madurai,3571.8839069572587,4233.589392465845,3,4,2,2,18,Semi-Furnished,22073784.852266677
Coimbatore,1594.9721146003874,2218.4550766934826,4,3,1,1,29,Fully Furnished,10374520.607733922
Salem,1187.186747481902,1390.6884560255355,2,4,2,2,1,Semi-Furnished,8276166.510899202
Chennai,2327.640536522075,3736.9321060486277,5,2,2,1,11,Unfurnished,16223700.94160769
Madurai,1961.003763043159,2760.6099749584055,4,1,3,0,14,Unfurnished,12797248.903644301
Madurai,1173.8877070086976,1488.1529393791152,1,2,1,1,13,Unfurnished,7263278.208794077
Chennai,2613.3446868863934,2980.707640445081,5,2,1,0,5,Fully Furnished,16711900.259522866
Salem,809.4418247514001,1137.5540844608736,2,4,1,0,17,Unfurnished,5512553.1127343485
Trichy,3798.221064053111,4637.281608315128,4,3,1,2,4,Fully Furnished,24166732.718217153
Chennai,1852.146795263925,2035.1199264000677,5,2,2,2,17,Fully Furnished,11931804.490367744
Salem,2976.8379191110566,3650.089137415928,4,3,2,2,2,Unfurnished,19355877.60089887
Chennai,1531.3048667633086,2246.8443043576435,4,4,3,1,2,Semi-Furnished,11217085.06566406
Chennai,1874.469617022555,3080.272084711243,2,3,3,2,21,Fully Furnished,12546439.77825499
Coimbatore,2882.608074058507,3186.841117373119,3,4,1,0,21,Unfurnished,17410945.674111024
Salem,1056.5994305658362,1739.4178221021082,5,1,3,2,9,Fully Furnished,8126998.824068792
Trichy,4420.484906074776,4878.338511058235,2,3,3,2,18,Semi-Furnished,26266188.290606372
Coimbatore,3219.441920686868,4100.531293444458,4,3,1,1,2,Semi-Furnished,20888126.195224255
Chennai,4418.625506567546,4757.995766256756,2,1,1,1,28,Unfurnished,25363409.699062064
Chennai,4027.842094553863,4579.309401710596,3,3,3,0,11,Fully Furnished,24435460.707545098
Chennai,3219.5675847931107,3391.5999152443405,5,1,2,1,28,Fully Furnished,19077974.029862206
Salem,3387.8843606799383,4687.496940092467,3,2,3,2,15,Fully Furnished,21595475.951170683
Salem,1175.944481775926,1353.970008207678,1,4,3,1,16,Fully Furnished,7306514.177840881
Coimbatore,1321.314888890617,1783.9314496765808,5,1,2,0,6,Unfurnished,9276634.739619674
Trichy,906.8868231405114,1180.9091556421522,3,3,2,2,12,Semi-Furnished,6478081.690902884
Coimbatore,1886.2248898246867,2301.3213230530573,4,1,1,0,23,Unfurnished,11594597.59187476
Madurai,2314.022319147919,2554.709158757928,5,3,1,1,1,Fully Furnished,15243751.42667515
Chennai,1969.5090256497983,2085.3961270955833,5,2,3,1,3,Fully Furnished,12910265.967938792
Chennai,3749.2415103124335,4314.950036607717,2,1,2,0,9,Semi-Furnished,22384526.840335213
Chennai,1811.0819228715625,2427.0133067743573,4,2,1,2,6,Fully Furnished,12352284.62105126
Coimbatore,1587.440986019963,2123.738038749523,1,4,3,1,23,Unfurnished,9836970.083589261
Coimbatore,2721.0206416467004,3170.784332632994,3,3,2,1,16,Unfurnished,16789534.08656974
Chennai,1068.8994188510537,1563.6968998990505,2,3,3,2,19,Semi-Furnished,7171483.664708602
Coimbatore,2688.0094934133626,4208.787923016159,3,2,1,1,5,Unfurnished,18121588.227979522
Salem,940.0515341670424,1298.2025747190833,1,4,1,0,18,Unfurnished,6008074.993414591
Salem,3465.923666884176,4947.54774640207,1,1,2,1,4,Unfurnished,21893713.796661276
Coimbatore,2877.446643042741,4088.9790771866296,5,1,3,1,9,Unfurnished,19040284.78631629
Chennai,1223.6704813956496,1794.8627261366896,1,3,2,2,8,Fully Furnished,8280352.437644452
Coimbatore,628.3111184019616,1022.0884684944097,3,2,1,0,26,Unfurnished,4193906.195002119
Coimbatore,2583.7690115380424,4261.845713819337,4,2,1,2,12,Semi-Furnished,17821175.408504397
Coimbatore,3619.610816456577,3827.4293753904685,4,1,3,1,18,Semi-Furnished,21501163.92452316
Madurai,2935.92735321024,3916.028672163949,5,4,3,1,20,Unfurnished,19160907.496042818
Salem,3000.550803505851,4085.081386743783,3,4,3,2,23,Semi-Furnished,19149576.27986887
Trichy,1086.037657993032,1296.1786069363616,3,1,2,2,5,Unfurnished,7367583.789292278
Trichy,1646.237763748665,2433.8629141770907,1,1,3,2,3,Semi-Furnished,10823705.433881503
Madurai,1364.671709800458,1463.476238100519,3,2,3,0,23,Semi-Furnished,8142194.179822683
Coimbatore,3896.844883354026,4452.413703502374,2,4,1,1,26,Unfurnished,23168698.419295967
Madurai,2205.2309495580375,3493.1925073102316,1,1,1,2,2,Unfurnished,14645370.281783447
Madurai,1733.7558466642206,2323.592099410597,2,1,3,1,2,Fully Furnished,11270211.829281708
Chennai,1138.4568814020636,1254.2334011440946,5,3,3,0,3,Unfurnished,8223136.0476822
Salem,2088.3267206874248,2243.929286862649,4,1,1,0,24,Unfurnished,12400185.387328591
Trichy,1756.8181484096235,2300.733288106988,5,1,3,0,4,Fully Furnished,11926561.61357169
Coimbatore,3192.3170494385954,3918.4247133522563,4,4,2,0,7,Unfurnished,20422536.378496386
Trichy,2337.6910488060626,3550.2298854208525,5,2,2,1,15,Unfurnished,15904885.582132306
Trichy,4307.34801054196,4548.850970305306,3,4,2,0,21,Fully Furnished,25456687.21180519
Salem,1967.5592850561773,2888.859700647797,2,2,3,0,2,Unfurnished,13050648.423530154
Trichy,1374.8257251088928,1478.3769837532068,4,3,1,2,23,Unfurnished,8805768.143493865
Trichy,3187.8637367854876,3852.97914889198,1,1,3,0,11,Fully Furnished,18983961.79420507
Madurai,3285.891888741621,4043.14019446759,2,3,3,2,24,Fully Furnished,19948281.732698403
Salem,2529.370771987762,3245.108790277985,1,2,1,0,7,Semi-Furnished,15581299.02227851
Chennai,2780.0300619291274,4083.868719818244,2,4,1,0,12,Unfurnished,18090777.742462967
Coimbatore,1968.930513251335,2975.182385457563,2,4,1,2,3,Semi-Furnished,13625406.172180083
Trichy,2093.086495561095,3090.9313175279763,5,3,2,0,13,Semi-Furnished,14373006.811058499
Coimbatore,1802.945842052422,2710.1640734341986,4,2,3,1,13,Fully Furnished,12310453.177356938
Chennai,961.603369092043,1101.6765069763808,4,3,1,1,12,Unfurnished,6779226.9692858495
Coimbatore,1034.3689848653448,1431.5657079732177,2,3,3,0,26,Unfurnished,6412539.281461913
Chennai,698.220109956611,1125.716742746937,3,1,2,1,5,Fully Furnished,5317850.586101074
Madurai,3330.0167123489714,3545.6416450551214,3,3,2,2,16,Semi-Furnished,20079845.179636516
Trichy,2052.732144821105,2257.4239243053066,1,1,1,0,3,Fully Furnished,12241203.36086134
Chennai,2805.84162576552,3034.282764658811,1,1,1,0,7,Unfurnished,16422426.633535413
Coimbatore,4390.500253621873,4630.265895704372,5,4,3,2,16,Fully Furnished,26803570.216143675
Trichy,1319.8557152269757,1997.1689165955,2,1,1,2,2,Unfurnished,9115953.41843599
Madurai,1951.2590630269794,2641.531692142519,1,1,3,2,16,Semi-Furnished,11990503.814192431
Trichy,3480.7493200472695,4022.2045541721945,1,4,1,0,8,Unfurnished,21060017.405219346
Chennai,1615.6703502757953,1915.1926619664898,2,3,3,2,1,Semi-Furnished,10683747.770600867
Madurai,855.2010009983397,1307.919639315172,5,2,3,2,24,Semi-Furnished,6327908.071670735
Coimbatore,1911.889447361455,2159.005811655072,1,2,3,1,12,Unfurnished,11424309.487112634
Madurai,1116.1437266173857,1644.8851490160177,5,2,3,1,19,Unfurnished,7981508.948597457
Madurai,3200.926326285003,4718.790609370292,4,3,2,0,1,Semi-Furnished,21481717.199526865
Salem,3334.945923190308,4232.481518257668,5,1,3,1,19,Fully Furnished,20921234.476265587
Madurai,2853.496527778905,3533.615026041694,3,2,1,1,27,Unfurnished,17286072.406255107
Madurai,3602.2667658526875,4485.84236075087,3,3,2,2,10,Semi-Furnished,22643211.27923814
Trichy,2663.768960915628,4214.688307596458,5,1,2,2,26,Semi-Furnished,17734586.293236077
Coimbatore,1584.0705379827177,1746.2802355441434,3,4,3,1,25,Fully Furnished,9798853.703575201
Trichy,3166.990802498613,4570.235993959911,4,2,2,1,21,Unfurnished,20400741.80399565
Trichy,2037.5456182552182,3157.3689676626027,2,1,3,1,14,Semi-Furnished,13217798.043343605
Chennai,3853.57344286353,4229.7606206562505,3,2,1,0,10,Fully Furnished,23116793.237673383
Trichy,4283.988534848345,4584.365199693973,3,2,3,0,22,Semi-Furnished,25059186.64645032
Salem,2048.7764153988574,2272.0138998874554,5,2,2,0,2,Unfurnished,13425910.549159804
Salem,1272.1795677635203,1440.207698110707,4,1,1,1,2,Fully Furnished,8633057.292668689
Chennai,1585.4728456300804,1911.7406501677667,2,3,3,1,27,Semi-Furnished,9533716.585536681
Coimbatore,2147.2444351892946,2708.431154505025,5,1,1,0,25,Fully Furnished,13437717.343757857
Coimbatore,2693.2998398491804,4272.059063689972,5,2,1,0,11,Unfurnished,18411320.15574928
Trichy,3300.907465636946,4442.9223330253735,4,1,2,1,23,Fully Furnished,20630590.394996706
Trichy,750.7534651340112,1027.8085221247627,2,4,1,2,4,Unfurnished,5771760.819652766
Trichy,2102.443312648136,3042.989210310263,4,3,2,0,19,Semi-Furnished,13897581.959288927
Coimbatore,2277.7323688419324,2669.644012595116,2,1,1,1,6,Unfurnished,13993368.474902835
Madurai,1460.8082757047957,1888.4312418829209,4,4,3,1,6,Semi-Furnished,10329754.730931085
Salem,929.6435453856006,1479.4614693347312,5,3,1,2,12,Semi-Furnished,7438749.717436881
Madurai,1591.4125973042203,2350.460685614512,5,4,3,1,8,Unfurnished,11651909.510606404
Madurai,4004.075702623969,4771.638815650076,1,3,3,1,24,Semi-Furnished,23704307.240587953
Coimbatore,1436.7808414777528,2292.811728083021,3,1,1,0,20,Fully Furnished,9416887.860349514
Madurai,2761.2573419414052,3075.162486973464,4,4,3,0,12,Semi-Furnished,17295853.02310448
Chennai,2947.883140094016,3812.0758355807116,1,2,1,2,11,Unfurnished,18204965.133119926
Trichy,1885.5740562055933,2454.518409517176,3,4,1,2,12,Fully Furnished,12560505.34434578
Chennai,3945.5875022762875,4887.128330883843,4,3,3,1,23,Fully Furnished,24364697.757303905
Salem,4309.708596717739,4849.789179768445,2,1,3,0,9,Semi-Furnished,25548435.70095196
Trichy,1448.6118139713833,2007.1291833014566,3,3,2,2,0,Semi-Furnished,10327308.182832973
Madurai,2502.701593900654,2988.9940235695417,5,4,3,2,24,Unfurnished,16058950.000836395
Salem,1758.417198949699,2203.5132392670785,1,4,2,2,7,Fully Furnished,11362093.28239414
Trichy,1483.5617313481648,2139.3619775098705,3,2,3,1,21,Unfurnished,9658262.164078586
Madurai,1041.4231381462992,1147.5477894181313,3,1,1,0,15,Semi-Furnished,6438461.4689601045
Chennai,3022.56895557687,3438.2573359195876,5,1,3,2,12,Fully Furnished,18907469.10319942
Trichy,2500.2736930048054,3010.716092915446,4,4,1,0,2,Unfurnished,16394090.930020161
Madurai,1082.5542475327186,1205.9150049999573,2,1,1,2,2,Unfurnished,7098592.119897182
Chennai,1910.640332074311,2114.585856946446,5,2,1,2,23,Unfurnished,12080384.522670135
Salem,3928.499865455111,4633.063543866615,2,3,2,0,4,Unfurnished,24047925.647187937
Salem,1748.6262961667783,1958.2475626678897,4,1,3,0,25,Unfurnished,10493715.40795197
Salem,1333.3467581193736,1579.5794883648923,3,4,1,0,10,Fully Furnished,8895555.797575053
Salem,2478.7913841438035,2957.811041110252,2,3,1,1,29,Unfurnished,14738934.477979418
Coimbatore,4035.703492438849,4942.601816442402,1,3,2,2,6,Fully Furnished,24781787.8957057
Trichy,1699.462118255864,1968.2210860460018,1,2,3,1,20,Unfurnished,9959444.83540659
Trichy,2417.882881601222,3688.5421896235143,5,4,3,0,23,Semi-Furnished,16351723.594753716
Coimbatore,3675.4356707941115,4046.4784613148704,4,1,2,2,9,Semi-Furnished,22430234.672151346
Madurai,1765.5311968432552,1950.5501759695985,5,4,2,1,9,Unfurnished,11920550.596958166
Madurai,2387.7734752521005,3912.865394447438,5,3,3,2,19,Semi-Furnished,16675419.111971378
Salem,2196.925441428514,2471.132530877013,5,4,2,1,1,Fully Furnished,14766523.52348073
Chennai,2276.71768306809,3529.223322374318,1,1,3,0,2,Unfurnished,14810297.560655586
Madurai,2534.99375594989,3534.1188430435786,1,1,3,1,7,Fully Furnished,15903414.5134268
Chennai,2703.7811930517382,3143.098736299034,5,2,1,2,10,Unfurnished,17338733.852291662
Trichy,893.2823754149291,1361.1590802176333,1,1,1,2,12,Semi-Furnished,5833161.585628341
Chennai,3847.564303034739,4341.2099823569515,4,1,3,2,6,Fully Furnished,23663491.342484668
Trichy,2034.8239961560564,2283.120259886943,5,4,3,2,12,Semi-Furnished,13526452.294566585
Coimbatore,1357.771107863828,1746.074041599417,1,4,3,0,1,Semi-Furnished,9020258.835306527
Coimbatore,700.4599335848113,1163.1005662190557,2,3,3,1,5,Unfurnished,5422790.380594518
Salem,2356.0587405095757,3363.5717727529673,5,2,3,0,8,Fully Furnished,15908550.459596653
Madurai,3027.2896611066076,3710.2574473691297,5,4,3,0,19,Semi-Furnished,19260112.41182269
Salem,1006.0119995909471,1066.3513157114246,4,1,2,0,24,Unfurnished,6116675.577012971
Trichy,2503.124324228858,3048.372233197124,3,3,3,2,1,Unfurnished,16287106.13886641
Salem,1316.903292736765,1905.983100791752,3,4,2,2,17,Unfurnished,9168244.538265545
Chennai,2942.9772131135373,3580.6911616377993,4,2,2,2,15,Semi-Furnished,18515226.852976277
Trichy,1339.2917638388703,1697.4657160199658,4,2,3,1,24,Unfurnished,8623771.796498876
Coimbatore,3285.550918502315,3763.7509524098637,4,3,3,2,11,Fully Furnished,20566480.276152253
Madurai,1623.5305268766003,2546.94138520215,3,3,2,1,6,Fully Furnished,11452217.033187281
Trichy,4112.540460798564,4746.919954946938,4,3,2,2,6,Semi-Furnished,25642736.019529864
Trichy,1223.7032557949165,1550.0837765839728,1,3,3,2,16,Fully Furnished,7706765.1829778915
Chennai,2215.4282802567377,2364.265404201034,5,3,3,0,12,Unfurnished,14086545.74619656
Madurai,1046.3025229833338,1453.8940849623564,5,1,2,0,10,Semi-Furnished,7503034.25537983
Coimbatore,3859.6563447754033,4698.774473114251,2,1,2,0,5,Unfurnished,23481982.919226415
Trichy,4176.6111946323435,4509.357413523924,2,4,2,1,28,Semi-Furnished,24425979.272074256
Trichy,1291.9564478454863,2031.7665108606225,5,2,1,1,22,Semi-Furnished,9131923.828337435
Chennai,3377.969869705516,3639.9361841367163,1,1,2,2,26,Unfurnished,19258787.834638882
Salem,3589.110960140145,4268.888800804863,3,1,1,1,13,Fully Furnished,21818665.88159649
Coimbatore,2008.9533849059167,3220.8032463978493,3,1,3,2,5,Fully Furnished,13830254.127754044
Madurai,2199.6663747022562,3118.602313424026,1,4,3,1,5,Semi-Furnished,14415821.462268984
Trichy,1668.0879879737993,1967.4091636018068,3,3,2,1,1,Unfurnished,11132286.942204265
Trichy,855.7980916224167,1372.4110712235968,4,4,3,1,21,Unfurnished,6462984.697769191
Coimbatore,3688.3429951088087,4588.863031813307,5,2,3,0,19,Semi-Furnished,22989179.11616561
Salem,3318.077497331741,4601.672228653322,5,2,3,1,24,Fully Furnished,21263355.41237682
Trichy,2887.1074554735055,3532.4058290930716,1,2,3,0,14,Unfurnished,17290870.54454246
Coimbatore,1451.3922873830993,2356.1191641948026,3,2,1,0,27,Fully Furnished,9463608.290257711
Chennai,2169.229457493765,2396.8382984506434,2,1,1,1,16,Fully Furnished,12827738.516862715
Salem,3672.4085521892766,3903.8227154809574,2,1,2,2,28,Semi-Furnished,21080425.743428893
Madurai,4309.038243700876,4588.441039810308,3,4,2,2,7,Semi-Furnished,26201801.34442631
Trichy,3922.3939073567817,4548.345697060469,2,3,2,2,4,Fully Furnished,24118787.419578083
Coimbatore,2659.2630026466377,4119.502183430495,1,2,3,1,16,Unfurnished,17000086.132026464
Chennai,3087.8286244061783,3568.126584617151,1,4,3,2,19,Unfurnished,18561980.711368382
Madurai,813.4375759549495,1336.5598599801954,3,1,1,0,0,Semi-Furnished,6164340.923773507
Coimbatore,1000.6582785209949,1646.514856378455,2,1,1,2,21,Fully Furnished,6593780.080998624
Coimbatore,3276.88747418111,4594.216754108316,1,3,2,1,17,Unfurnished,20464053.738744974
Madurai,2641.3132624772775,3425.7162386383598,1,3,1,2,14,Unfurnished,16406769.16751378
Chennai,901.6351876150165,1036.7882064665187,4,3,1,0,4,Semi-Furnished,6611504.192027397
Chennai,1179.7541352272376,1405.8861714641284,4,4,1,1,6,Fully Furnished,8485957.014279522
Salem,2762.670321434655,3654.007076432223,1,1,1,2,17,Unfurnished,16821824.938174613
Trichy,709.8561124690323,1020.2463353848748,3,1,1,1,5,Semi-Furnished,5243648.108572495
Madurai,1559.416805504608,1643.2322056699945,5,3,2,1,21,Unfurnished,10054254.271574728
Madurai,2393.5286635687817,3194.9351574663447,5,2,2,1,20,Unfurnished,15554801.17501913
Madurai,2855.771453186146,3767.580790770773,1,3,1,2,4,Unfurnished,18132068.488262586
Chennai,2371.3223097915743,3607.8450380104023,1,4,2,1,29,Semi-Furnished,14935364.439674567
Trichy,1665.9816288789466,1897.0772378422391,1,3,3,2,18,Fully Furnished,10043410.015365947
Salem,3243.6554046451674,3848.7168853901435,3,3,1,0,9,Semi-Furnished,20099909.583371423
Coimbatore,1319.9955193220035,1948.9963499872001,4,4,3,2,14,Fully Furnished,9588775.456933657
Coimbatore,1447.3221158762035,2301.598792637071,1,3,2,0,9,Unfurnished,9659868.0726074
Madurai,3340.9357602720293,3985.9656204720964,1,1,2,2,26,Fully Furnished,19507369.665790647
Trichy,2983.4667073410255,3598.5315961888587,2,2,3,1,15,Unfurnished,18118838.098461248
Chennai,3058.6587620898235,4396.893641976712,3,3,2,2,11,Unfurnished,20055236.799776264
Trichy,3386.4933806047675,3630.4515692013733,1,4,1,1,17,Semi-Furnished,19950762.095763102
Trichy,2136.997409429573,3273.2344133418865,2,2,3,0,22,Unfurnished,13574369.638443341
Chennai,1032.835030108671,1374.6990713123698,5,4,1,2,0,Semi-Furnished,8347396.521063863
Madurai,2298.5589796110326,2470.863212237734,1,2,3,1,15,Fully Furnished,13433551.262934927
Trichy,1539.227992881592,2060.809470726902,1,2,2,0,21,Fully Furnished,9214497.332839446
Coimbatore,1627.170431354623,1975.9585735163344,2,3,3,0,5,Unfurnished,10468417.229315404
Chennai,3615.9923347123877,4892.0422190097825,3,1,3,2,2,Semi-Furnished,23172416.169017486
Salem,1790.320580979476,2572.3908986670417,1,3,1,0,1,Unfurnished,11808311.692808092
Madurai,4314.159328938392,4568.186220708453,5,4,2,1,27,Semi-Furnished,25900540.445072904
Chennai,2619.6847078511796,3524.5545039890517,1,4,1,0,1,Semi-Furnished,16833046.59011717
Salem,3815.378064788121,4179.2452141665935,5,2,2,0,29,Semi-Furnished,22719295.548546456
Salem,2048.630336026085,3010.5483724207684,4,2,1,1,12,Fully Furnished,13811494.559022304
Trichy,2231.2732737299502,3307.6155385054362,4,1,3,0,8,Semi-Furnished,14879868.3779913
Trichy,1814.407115556875,2970.0707752754556,5,3,1,0,15,Fully Furnished,12903916.950336484
Trichy,1474.7932888462226,1780.971951192178,3,4,2,0,26,Semi-Furnished,9213736.141238615
Chennai,2835.608988104877,3889.8084610460214,1,2,2,0,4,Fully Furnished,17838010.599727172
Chennai,1916.1421282257327,2123.089449763423,1,1,3,1,22,Fully Furnished,10900346.916731905
Madurai,840.0909654661348,1097.2638657258153,4,4,2,0,27,Fully Furnished,5752125.983468585
Trichy,3362.9200586650404,3581.889183628671,5,2,1,1,20,Unfurnished,20381407.284347087
Salem,1136.0015312599419,1708.4427176281956,1,4,3,0,6,Semi-Furnished,7802138.151823574
Coimbatore,4304.784472051807,4761.8343374116575,1,1,2,0,12,Unfurnished,25065731.329127118
Madurai,4198.382586246958,4815.71430801035,3,1,2,0,19,Semi-Furnished,24906578.80772373
Chennai,4052.90170278556,4659.457560881794,2,4,1,0,23,Semi-Furnished,24124406.73559317
Madurai,2221.840416858261,2480.6348010217775,4,3,1,1,28,Unfurnished,13545043.637088308
Madurai,919.9222748955152,1061.8264661154697,4,4,3,1,26,Fully Furnished,6203841.996368382
Madurai,3861.0063911576744,4713.274250350902,2,2,2,1,29,Semi-Furnished,22915457.860630617
Madurai,1752.2534297904106,2712.7365932692574,1,3,1,2,25,Fully Furnished,11165424.345979955
Coimbatore,2975.373951937163,4866.619276174679,3,2,3,0,12,Unfurnished,19859125.91512685
Trichy,4477.271026570473,4854.4799083570115,3,4,2,0,26,Fully Furnished,26413095.50959554
Salem,3599.4622718082783,4412.03782186944,4,3,2,1,25,Semi-Furnished,22167025.60938058
Madurai,1913.820724756729,2177.7955682783427,3,2,3,2,6,Semi-Furnished,12265547.943339292
Madurai,1952.3738010479703,2540.390914407701,2,4,3,0,9,Semi-Furnished,12619151.202005109
Madurai,2823.5692998704667,4404.546686067428,1,4,1,1,14,Unfurnished,18451517.872698013
Trichy,1459.9716248406323,2267.6880206251108,2,3,2,0,20,Semi-Furnished,9541097.936532978
Chennai,1409.4081235678714,1677.9709867443698,5,4,2,0,26,Unfurnished,9295901.740148665
Chennai,2422.3629048474595,3227.2050498334006,4,1,2,1,5,Fully Furnished,15848279.13161365
Coimbatore,3179.766164663921,4744.619096643124,3,2,3,1,4,Semi-Furnished,21012490.656959392
Chennai,2921.559836760393,3784.119186699892,5,2,1,0,22,Semi-Furnished,18467962.28946164
Madurai,2041.8641667097163,3280.24468035746,3,4,2,0,27,Semi-Furnished,13529682.366622675
Madurai,1116.089092157944,1388.705975083074,1,4,3,1,1,Fully Furnished,7603848.084810437
Madurai,2401.7710783570883,3460.028906796679,1,1,2,0,20,Semi-Furnished,14660004.540762912
Coimbatore,4360.751967053407,4960.215400417053,1,3,1,0,14,Unfurnished,25785642.332240794
Madurai,1105.6957713266706,1560.336060946096,3,4,2,1,25,Fully Furnished,7423034.244105333
Chennai,2333.653960123152,3073.318609454947,5,4,1,0,15,Fully Furnished,15514425.15190012
Trichy,2724.0363299102128,4509.492287711822,1,4,1,0,18,Fully Furnished,17889554.229850143
Trichy,2478.3340266432233,3963.074471016818,5,4,2,2,8,Fully Furnished,17678192.485114686
Salem,2793.214385007526,3788.062963981072,3,2,2,1,28,Fully Furnished,17285140.289311152
Chennai,2925.9495434665937,3809.936335948437,5,4,1,2,21,Unfurnished,19053696.548737794
Madurai,1974.7688634076526,2437.964604879021,3,2,3,2,28,Fully Furnished,12082017.411189262
Trichy,1526.5839849237234,2174.3673770579735,3,4,1,2,25,Semi-Furnished,10153868.784626324
Chennai,3573.198312641544,4237.444621914055,4,3,2,0,18,Fully Furnished,21984325.953183815
Trichy,3820.8303312834123,4240.453578716722,3,1,2,0,6,Fully Furnished,22972280.78523542
Madurai,3900.583497826362,4468.289274320415,3,3,3,2,3,Fully Furnished,24209572.869403124
Trichy,2856.298040141337,4652.962210225885,2,4,1,2,29,Fully Furnished,18721895.83290708
Salem,2339.384193918721,3045.369595443751,1,4,1,2,2,Fully Furnished,15161672.387166746
Salem,1914.03854168925,3006.0651787487986,4,4,1,0,23,Unfurnished,13015451.652100183
Trichy,2871.136902030534,4193.180715867101,4,3,2,2,28,Unfurnished,18621932.918177925
Chennai,3403.0584779699543,3599.855723111061,4,4,1,2,19,Fully Furnished,20768590.01859807
Chennai,2474.6319572172206,3807.8675090308134,2,3,3,1,10,Unfurnished,16405284.818314468
Chennai,3240.3294098937595,4183.170677744404,3,2,2,1,0,Semi-Furnished,20751287.157815203
Trichy,3722.593995239101,4560.021367270265,1,1,2,0,5,Fully Furnished,22448698.619300272
Chennai,1989.4527771965916,2351.980627406143,5,1,1,1,25,Semi-Furnished,12399914.250272034
Madurai,1991.5484325353877,2502.3318105597764,3,3,3,1,10,Semi-Furnished,12914766.119080976
Salem,830.2620486868816,1375.927759363476,2,2,2,1,26,Fully Furnished,5377292.5303271385
Madurai,2366.4343241817983,3313.1205639846958,3,3,2,0,0,Semi-Furnished,15824699.135599729
Chennai,893.5113593848423,1143.7690951869683,3,2,1,1,20,Semi-Furnished,5843324.031456152
Madurai,1805.4631732254966,2862.3920725298403,2,4,1,0,6,Semi-Furnished,12449454.766550543
Chennai,2291.4387014278996,3170.5785388303066,4,2,3,2,5,Fully Furnished,15441168.403021917
Trichy,1312.6397776995425,2146.1650085131378,4,2,1,1,13,Fully Furnished,9427277.009863706
Madurai,2110.499804928482,3363.333042276043,1,2,3,0,1,Semi-Furnished,14048248.772909421
Trichy,829.0725093073622,1122.0009997561976,1,1,2,1,26,Fully Furnished,4667227.491590567
Trichy,743.025537157978,1149.3927549968575,4,2,3,2,3,Fully Furnished,6117886.223207129
Coimbatore,3426.4838304428267,4290.402242638633,5,4,3,0,10,Semi-Furnished,22067659.92815908
Chennai,2053.444639834882,2440.762565645052,3,4,3,0,14,Fully Furnished,13029415.958031029
Salem,1327.562714028215,1508.242050607539,5,4,2,0,17,Unfurnished,9038922.673856014
Chennai,2069.774372094459,3088.9730402192176,3,2,1,2,26,Fully Furnished,13360752.322688127
Salem,2687.1481432614482,4079.9742123944434,4,3,2,2,0,Unfurnished,18638135.69954985
Chennai,1186.1643243511983,1863.2841099873726,1,3,1,2,2,Semi-Furnished,8403680.391565239
Trichy,2872.6846066552507,3491.561903276001,1,4,3,0,2,Fully Furnished,17896955.01387983
Madurai,1136.514697524861,1341.3898599750719,5,1,3,2,27,Semi-Furnished,7378983.970831961
Madurai,737.3766783551712,1206.7268846744307,1,3,3,1,6,Semi-Furnished,5356267.314207587
Coimbatore,2899.370400390212,3125.418526272592,4,2,3,2,0,Semi-Furnished,18297669.033283066
Salem,1955.0507429022766,3162.540486440426,5,3,3,0,24,Semi-Furnished,13452776.926788757
Salem,2802.339338520292,3549.719605992826,3,4,1,1,10,Semi-Furnished,17970190.550532706
Salem,3311.5701603036873,3904.3653348906464,1,1,1,2,5,Fully Furnished,20012304.123235367
Trichy,4436.7960267986045,4903.408317850139,2,3,3,1,19,Unfurnished,26234672.102013886
Salem,2605.207926657444,3065.201393204781,1,3,2,1,2,Fully Furnished,16131677.341804236
Madurai,2018.1929476860498,2291.8258917649837,3,4,2,0,18,Fully Furnished,12552059.334705204
Trichy,3005.1509845251358,4180.744779074815,5,1,3,1,1,Fully Furnished,20005073.165252887
Chennai,1844.1394807574384,2083.329005048297,3,1,1,1,17,Fully Furnished,11203622.46946643
Salem,1730.8069850400952,2755.8856828225444,2,4,2,0,29,Unfurnished,11180694.252067482
Salem,1199.7668523616371,1313.8255253690638,4,2,2,0,11,Fully Furnished,7890541.466070243
Chennai,871.9337392046932,1101.40297366183,1,3,2,0,28,Semi-Furnished,4965385.3948153155
Salem,4297.88897831777,4850.5936587117,5,2,3,1,9,Fully Furnished,26496212.792884003
Chennai,3294.044420412775,4343.920482048823,4,3,2,1,4,Fully Furnished,21445904.470316075
Trichy,3122.6691536072776,3783.896824374792,3,3,2,1,8,Unfurnished,19612687.380482502
Madurai,2067.1114833141496,2635.81177765708,5,2,2,0,1,Unfurnished,13979975.808102168
Chennai,1449.4551330253596,1693.177280283383,4,4,2,2,1,Semi-Furnished,10319360.834954178
Coimbatore,1021.8973302963358,1625.7481706843441,5,4,1,1,27,Fully Furnished,7554435.791154724
Chennai,1242.8499375630265,2000.9715926583813,2,3,3,2,5,Fully Furnished,8968990.630223677
Salem,2194.6320862731245,3196.906658824482,2,4,3,0,28,Fully Furnished,13832132.37881844
Trichy,2530.4848215760835,3858.3836908002495,1,3,1,1,9,Semi-Furnished,16502242.126052678
Trichy,3295.3668656515442,3640.789506870925,1,4,1,2,17,Unfurnished,19653098.30367706
Chennai,1434.4778442902525,2119.7355877837713,2,3,3,1,11,Semi-Furnished,9663833.004646663
Madurai,4537.777305070434,4819.461122652776,5,4,2,1,3,Fully Furnished,28048351.220000282
Coimbatore,2836.8982395836824,3951.587666783074,2,1,2,1,21,Unfurnished,17522947.27826626
Trichy,2135.5319229541506,3217.416210045603,1,2,3,2,20,Unfurnished,13520793.1053484
Salem,3020.8292125874045,3446.8829849374088,2,1,2,0,16,Semi-Furnished,17819991.03856821
Salem,2224.539224462576,2678.4002497111596,2,2,1,1,14,Unfurnished,13634506.809734982
Madurai,1541.7088004844204,1990.9239580046299,5,2,2,0,5,Unfurnished,10701798.351785447
Trichy,1925.4836227847613,2423.890714605046,4,3,2,0,15,Fully Furnished,12498345.160057481
Chennai,3433.6132659335476,4031.3844418574763,1,2,2,2,16,Fully Furnished,20478921.026929937
Salem,719.1070971878408,1057.5739545190236,5,1,3,2,2,Unfurnished,6035070.682768112
Madurai,1389.1971596850817,1464.290562027665,2,1,1,0,9,Unfurnished,8343535.893016066
Trichy,1114.3642328404678,1184.010568087011,2,4,2,1,4,Semi-Furnished,7495451.729486519
Trichy,962.4448966379983,1162.9152092758804,4,1,3,2,13,Semi-Furnished,6621500.286002049
Trichy,2961.9262417011855,4421.842336044028,1,4,2,1,25,Unfurnished,18709878.89090817
Trichy,3196.965875905662,3814.6314375200946,1,2,1,1,28,Fully Furnished,18633904.166599594
Trichy,1811.2150674078277,2896.695316349301,3,1,2,1,20,Unfurnished,11926502.182954386
Salem,849.7287678896569,1391.3366426040059,1,2,1,0,12,Unfurnished,5623383.426628263
Madurai,2047.4205094926251,2966.463500467329,4,1,2,1,25,Fully Furnished,13148148.493277607
Trichy,2204.9047594756657,2893.887083122263,3,1,1,0,5,Fully Furnished,14119735.917387212
Coimbatore,1530.1208548164288,1692.8074796400606,3,4,2,0,11,Semi-Furnished,9881912.822242003
Coimbatore,2337.430032859481,2735.4065969518924,2,2,1,1,25,Semi-Furnished,13825923.064209936
Madurai,2230.7195359260836,2594.018937589494,2,1,2,1,7,Semi-Furnished,13656060.636774769
Chennai,2593.819058818722,3463.400392208866,1,3,2,1,4,Semi-Furnished,16488266.23533489
Chennai,2552.8835738051125,3540.374603470575,3,2,3,1,29,Fully Furnished,15871425.606287695
Chennai,862.1265517392043,1181.2160390881781,2,2,3,0,14,Unfurnished,5607028.729732233
Coimbatore,2362.7280019793525,2498.450458505885,4,2,1,1,26,Semi-Furnished,14120416.559114147
Chennai,2151.2458439280317,3503.4396628569457,2,4,2,1,15,Semi-Furnished,14559733.893104477
Salem,2721.71702047727,3012.545034320351,2,3,1,0,0,Fully Furnished,16812780.633332137
Trichy,3551.9934641551704,4425.959364753289,3,2,3,2,15,Fully Furnished,22020121.826402213
Coimbatore,2738.8585692919046,3634.77452647578,3,1,1,2,4,Unfurnished,17646592.993584506
Madurai,1410.3200240813508,1651.7377083257188,5,1,1,0,2,Unfurnished,9658525.358356941
Madurai,987.7801878927258,1282.2749896017194,4,4,3,2,19,Fully Furnished,7118740.83303933
Trichy,3233.0498976715994,3569.6771128252626,3,1,2,0,14,Semi-Furnished,19242337.07491251
Coimbatore,1012.303099254941,1106.0452421664872,1,2,1,1,12,Semi-Furnished,6112618.237247019
Chennai,2499.3110689662963,3343.1023250938533,4,1,3,1,23,Semi-Furnished,15703622.600460958
Chennai,3317.836921730598,4760.92096569983,4,2,2,2,15,Unfurnished,21618371.30662749
Salem,2665.6958876162666,3301.8967115035157,3,1,3,1,22,Semi-Furnished,16187907.54807742
Salem,2346.7478114196874,2552.679704826088,4,3,1,2,10,Semi-Furnished,14923580.797179898
Chennai,2407.3465963757008,3573.1528737694125,3,4,2,2,20,Fully Furnished,15970843.13221395
Madurai,2317.511974063486,2833.0115619660664,2,4,2,1,1,Semi-Furnished,14993417.757644966
Madurai,2612.952174755791,3182.46715726374,5,3,3,1,21,Fully Furnished,16642245.375117548
Salem,4082.3852549527046,4765.859235106101,2,3,3,2,26,Semi-Furnished,24329764.729414493
Trichy,1643.8131029041663,2544.410551203097,3,4,3,1,5,Unfurnished,11725451.624512464
Chennai,4120.6579727789385,4844.762255295656,3,3,2,0,25,Semi-Furnished,24681675.58386001
Salem,4243.193369528535,4621.402567824255,2,2,2,1,25,Semi-Furnished,24665053.244267516
Salem,1182.040315302339,1783.1645391571858,1,1,1,1,29,Fully Furnished,6943978.8658491485
Chennai,872.6741254670594,1277.4452035006618,1,4,2,0,26,Fully Furnished,5399967.808802562
Chennai,1318.9088447958932,1403.1120055097067,1,3,1,1,5,Fully Furnished,8243824.208193168
Madurai,711.6911376829503,1072.887302606199,3,2,3,1,13,Semi-Furnished,5185074.882700715
Trichy,1238.6648094745556,1377.7718430237137,4,4,3,2,24,Semi-Furnished,8187317.854263958
Trichy,2882.2342604557184,3732.0270936654274,3,3,2,1,10,Unfurnished,18398486.684449248
Chennai,882.023696807447,1284.754593840916,4,4,3,1,7,Semi-Furnished,6965812.1482426105
Coimbatore,2059.1511761716874,2275.902521175045,2,3,3,0,7,Unfurnished,12702263.318182647
Salem,3310.275967693016,4379.501243877818,5,4,2,2,0,Fully Furnished,22201643.347271953
Salem,852.8118345682492,1093.0877429433035,4,2,1,2,20,Fully Furnished,5949358.547089085
Chennai,3090.0739976818368,4257.873930355743,1,2,2,2,6,Fully Furnished,19554781.705995157
Coimbatore,1717.9606976144262,2127.4190990935995,3,1,1,1,5,Unfurnished,11108726.058177236
Madurai,967.8808199991819,1472.6593104866251,2,4,2,2,20,Semi-Furnished,6722654.86258027
Chennai,2790.521192484283,3786.9486614566026,1,1,2,0,7,Fully Furnished,17256683.759927195
Chennai,3302.344069087348,3515.771387119536,2,4,3,2,18,Semi-Furnished,19749473.97543651
Salem,3113.3863420415933,4509.888054108212,5,3,2,0,21,Semi-Furnished,20387104.204117022
Chennai,3269.875685430888,3940.284175215543,3,3,2,2,20,Fully Furnished,20142781.594697647
Chennai,3007.9683768995124,4213.923721539394,3,1,1,2,23,Unfurnished,18887566.161895078
Chennai,1853.0031955192237,2128.138290285226,5,4,3,0,19,Semi-Furnished,12077280.328178778
Salem,1104.1717140336618,1709.7581751188914,3,1,1,2,7,Fully Furnished,7875482.523294148
Madurai,3760.0595457583436,4002.4590065634334,4,2,1,2,25,Semi-Furnished,22348218.763788667
Madurai,3207.816146551979,4227.338957069056,2,1,3,2,13,Semi-Furnished,19902979.40796677
Chennai,3387.162879775718,4962.020568002694,1,1,3,1,17,Semi-Furnished,21101657.64059396
Salem,1658.4627661543263,2650.470707645706,5,3,3,0,24,Semi-Furnished,11503647.296869315
Madurai,1640.6728879417226,2488.0723431711326,4,1,2,2,28,Semi-Furnished,10738714.80754311
Madurai,3210.294910216309,4105.651842967987,1,4,3,0,15,Unfurnished,19698109.307534974
Madurai,1696.6722342042058,2363.2141610120716,1,3,3,0,8,Unfurnished,10890882.047133412
Salem,4204.011730320119,4723.029302414259,5,1,3,0,14,Fully Furnished,25495687.949337643
Salem,3328.8323205947527,4433.651007372047,4,2,1,2,29,Unfurnished,20785126.651522845
Chennai,1866.011373553936,2715.976109500073,1,1,1,2,25,Unfurnished,11381222.512392798
Trichy,3266.846149113956,4003.4842711659894,1,1,2,0,9,Unfurnished,19589988.79641199
Madurai,3404.8861213059877,4018.1714963387294,4,1,1,1,28,Semi-Furnished,20413793.34148342
Trichy,930.0783638922447,1412.4954753437305,3,3,2,0,21,Semi-Furnished,6345347.207927577
Salem,3036.5929969587914,4610.211626718266,1,4,1,1,15,Fully Furnished,19621922.43837648
Salem,1851.3803489445063,3021.0094897914287,2,2,3,0,3,Fully Furnished,12651422.957999993
Salem,3693.2855447024526,4305.829864430967,4,1,1,0,19,Fully Furnished,22271780.788478196
Trichy,1897.8811510598412,2280.198404122447,1,4,2,0,12,Semi-Furnished,11706703.264716221
Salem,3510.436718776949,4582.092913984801,5,4,1,2,21,Unfurnished,22610476.731278032
Chennai,2289.5172643284277,2556.8067149366525,2,3,3,1,4,Unfurnished,14280995.747401908
Salem,920.2191183412865,1043.3506059211934,1,2,2,1,21,Semi-Furnished,5308006.759641221
Coimbatore,3719.7477788255383,4621.527905677054,2,3,3,0,6,Fully Furnished,23024698.491527386
Trichy,1233.9492121120159,1365.1467071445343,2,4,3,2,22,Fully Furnished,7720947.503077513
Coimbatore,1530.4162214898588,2277.2545503616593,3,4,2,2,8,Fully Furnished,10889578.457138356
Salem,3068.183390970353,4800.24786820322,2,4,3,1,7,Semi-Furnished,20522122.70121045
Chennai,3334.8657887094323,4802.428587750224,3,3,3,2,28,Fully Furnished,21189810.354492716
Madurai,2042.0614038007834,3293.7515524931446,4,2,1,1,15,Fully Furnished,14016778.1800953
Salem,2772.1763872742877,3527.348848679197,3,1,3,1,5,Semi-Furnished,17532612.36114933
Chennai,2592.104525047915,2793.782087913279,5,3,3,1,27,Unfurnished,15872008.868211553
Trichy,1333.62642119838,2172.843086792258,1,4,3,2,15,Semi-Furnished,9133730.599543419
Coimbatore,1487.7198579138785,2314.6581814796637,4,3,3,1,5,Semi-Furnished,10847329.17838805
Coimbatore,2798.0710237610924,3690.0738243081537,4,4,2,1,13,Semi-Furnished,18264408.1960947
Coimbatore,3716.2284143978263,4009.49811775072,5,1,1,0,20,Semi-Furnished,22234425.606091082
Trichy,2960.8119078277186,4166.316174903394,3,1,3,1,0,Unfurnished,19323232.995108806
Chennai,3233.3462563840576,4158.472571178216,1,2,3,1,24,Fully Furnished,19350225.23914212
Trichy,838.7535258377043,1364.8244121947614,3,4,2,0,8,Semi-Furnished,6482180.160903383
Coimbatore,1941.2102984912517,2977.681218810326,2,2,3,0,24,Unfurnished,12268663.805783022
Salem,1162.9664561371553,1230.235040066577,3,2,2,2,26,Fully Furnished,7049631.100697091
Madurai,2999.165699316718,3198.115529294942,4,1,1,1,23,Fully Furnished,17778984.28207916
Trichy,1664.455809785391,2766.1220054935084,1,3,1,2,12,Fully Furnished,11289397.55062647
Trichy,4246.522387884449,4550.816731033199,3,3,3,2,25,Semi-Furnished,25095330.822719857
Chennai,1979.8755017615479,2403.6600502083147,1,2,3,0,28,Semi-Furnished,11363831.818176944
Chennai,1326.9786898476148,1468.2680657104233,1,1,3,2,18,Fully Furnished,7703325.783166775
Trichy,1193.3726099936257,1571.9667282113435,2,4,2,1,16,Fully Furnished,7896536.818824928
Coimbatore,3157.7687265328373,4046.042526869889,2,3,3,0,10,Fully Furnished,19665210.301641636
Madurai,2677.918955596243,3472.872253265044,4,2,3,1,27,Fully Furnished,16673082.004101146
Chennai,1170.5060505030128,1404.490704491161,5,3,1,1,27,Fully Furnished,7807666.072652951
Coimbatore,867.1781432512107,1336.4272244599897,1,3,3,0,7,Fully Furnished,5961014.313982436
Salem,2322.2314577209936,3803.87652583648,5,4,1,1,22,Unfurnished,16194693.390748248
Chennai,913.774966450597,1291.0520254567741,4,1,3,0,28,Fully Furnished,5831249.779575815
Coimbatore,3629.9109720756005,4287.440237161425,1,4,1,1,4,Semi-Furnished,22289527.65893391
Coimbatore,2565.2104576397765,3824.968908625985,1,1,3,0,9,Semi-Furnished,16218409.749730177
Madurai,1107.634495418246,1325.3951225675992,5,3,1,2,6,Semi-Furnished,8264829.376463227
Madurai,1258.27889913961,1339.3508563407677,3,2,2,1,9,Fully Furnished,8104476.073737167
Salem,3130.50486663552,4946.558314004702,2,4,1,0,3,Semi-Furnished,21018141.87666548
Coimbatore,2086.090113215001,2497.0831830244815,3,1,1,1,8,Unfurnished,13103905.329096884
Coimbatore,1875.1152773793679,2482.5685882675634,5,3,1,1,26,Fully Furnished,12307101.054128231
Madurai,3842.4446585965175,4251.19826903001,2,1,3,1,25,Semi-Furnished,22267438.88652034
Chennai,3170.3258524808866,4788.994309535435,3,1,3,0,13,Unfurnished,20458259.507606514
Chennai,4164.923532470906,4944.004255291484,2,1,3,2,1,Unfurnished,25489961.002468858
Trichy,3585.43288233231,4013.5127410357663,1,3,2,2,24,Semi-Furnished,21010663.25973831
Madurai,2331.2261986783733,2505.038342123663,3,2,2,2,8,Unfurnished,14466563.904601077
Trichy,1119.4109100413739,1334.0028667946751,2,2,1,0,20,Semi-Furnished,6738152.535339792
Madurai,3180.0927339653385,4108.587663709747,2,2,2,2,26,Unfurnished,19330722.49929572
Salem,2639.428667898612,3233.61699894322,2,1,1,0,0,Fully Furnished,16407769.404275618
Coimbatore,2438.3016324646787,2696.8880369879053,3,3,1,1,22,Fully Furnished,14738622.990476541
Salem,3699.0084400124165,4625.417540378944,4,1,1,1,9,Fully Furnished,23131039.028510608
Madurai,882.2399787748211,1444.7899292246054,3,2,2,2,9,Fully Furnished,6638827.819556221
Coimbatore,2750.184471224494,2970.5004171634364,5,2,3,0,19,Fully Furnished,16825430.621106345
Chennai,879.5432088072349,1045.4145790696762,3,3,2,1,24,Semi-Furnished,5672441.934516169
Chennai,2405.4425025823175,2874.6425679765052,2,1,1,0,21,Fully Furnished,14189062.343192235
Trichy,827.61466956405,1225.2131027273495,1,4,1,0,28,Fully Furnished,5064521.736311045
Madurai,1225.375271710097,1475.2716650722878,3,4,2,1,2,Fully Furnished,8664514.720782181
Madurai,1084.720701713887,1470.1049871084197,3,2,1,0,5,Fully Furnished,7520369.142242595
Chennai,2977.938287925345,3596.841208464254,2,3,1,1,28,Unfurnished,17786931.745821156
Salem,2539.147729042137,3984.1795170616933,1,1,2,1,25,Fully Furnished,15832180.20116365
Coimbatore,2767.6038570039786,3333.4750603886387,1,1,2,1,5,Fully Furnished,16779387.42898427
Salem,4605.260752465913,4848.690193898168,5,2,2,0,20,Semi-Furnished,27392101.618774414
Salem,1541.8661893848305,2499.482318094816,3,2,1,1,1,Unfurnished,11052776.633945517
Chennai,2018.5866363224336,2142.848345127443,1,1,1,0,25,Semi-Furnished,11180057.877603883
Chennai,3321.8715538198408,4474.396512757841,1,1,3,1,25,Fully Furnished,19942697.807498693
Chennai,1713.9693070853393,1894.3833540778105,4,2,3,1,17,Semi-Furnished,10791121.9067774
Trichy,4240.624879964377,4852.890157762446,4,1,2,2,22,Semi-Furnished,25486280.149154633
Salem,837.2749293109205,1048.6178987592655,1,4,3,2,1,Fully Furnished,6041078.660410261
Madurai,4188.855161048902,4879.515306830556,5,2,1,2,11,Unfurnished,26070266.592916727
Coimbatore,1064.1475511190224,1172.6396478023044,1,1,3,0,21,Unfurnished,5860831.557398367
Trichy,3384.39819590309,4564.572454792284,2,2,1,0,4,Semi-Furnished,21367278.827314645
Madurai,2222.5503352451415,3110.8044363451995,3,3,2,1,19,Fully Furnished,14369441.832217377
Salem,4144.8286176150095,4971.859184477202,5,2,2,1,6,Semi-Furnished,26057959.800640184
Chennai,1143.320592535374,1295.1862589415955,2,2,1,1,23,Semi-Furnished,6794166.177139098
Salem,2787.122922699039,3215.417137605283,5,3,3,1,15,Semi-Furnished,17675553.717272017
Coimbatore,4288.2127724926395,4877.210142476396,2,4,2,0,19,Fully Furnished,25584609.64718855
Trichy,2326.882756302069,3092.3913766805954,3,1,2,1,0,Fully Furnished,15181842.055376025
Trichy,3117.4399458192574,3517.5945525410502,3,3,3,1,0,Unfurnished,19549593.21923592
Coimbatore,2428.959432692246,3782.9947559384686,4,2,3,2,16,Fully Furnished,16409911.154241268
Madurai,2227.959455807149,2818.1642590710926,2,1,1,1,26,Semi-Furnished,13247614.662017481
Madurai,2113.214374872575,3510.232320336254,4,3,3,1,0,Semi-Furnished,15271743.471330091
Trichy,2381.483593281966,3337.257247692401,2,1,3,1,20,Unfurnished,14771384.866999729
Trichy,3353.376409144019,4604.632041963956,4,1,3,0,19,Fully Furnished,21100752.291504834
Chennai,872.9382156360209,1181.7855213658315,3,3,1,2,12,Semi-Furnished,6326364.596001092
Madurai,1791.28613587054,2123.852758368921,5,1,1,1,29,Unfurnished,11094410.921460135
Coimbatore,3533.989011578008,4801.645936306235,4,4,2,1,8,Unfurnished,23084925.67566852
Madurai,3452.9138044532046,4561.055135563665,2,3,1,2,14,Semi-Furnished,21671378.28271582
Chennai,1928.2506747362263,2822.6270111428516,2,4,2,1,2,Semi-Furnished,13194280.44968444
Trichy,2543.0082062420097,3480.5303912061468,3,2,3,0,13,Fully Furnished,16215173.39753642
Trichy,1433.515653989129,2109.524731924531,2,1,2,1,22,Unfurnished,8962250.121260516
Chennai,1096.3869395489025,1752.4846388950452,1,2,2,0,10,Semi-Furnished,7236722.7946441155
Coimbatore,2315.8285898393483,2854.7936197599283,5,2,3,0,23,Unfurnished,14591980.997988982
Trichy,2012.4801003876971,2413.4089121042116,4,1,2,1,21,Fully Furnished,12467251.14626969
Salem,2723.79334689903,3334.6244474034884,5,3,1,2,11,Semi-Furnished,17773619.39792982
Trichy,999.2274017685421,1310.9385478599393,3,1,1,0,12,Fully Furnished,6549649.565390367
Salem,3589.5583705864497,4897.579230664665,4,2,1,2,25,Unfurnished,22655107.74443662
Chennai,4461.073053891117,4944.842977918412,4,2,1,1,12,Fully Furnished,26988640.316012118
Chennai,2964.6309788030476,3792.6468560789804,1,3,2,0,0,Fully Furnished,18592015.63190849
Trichy,2413.9876651776467,3144.3854653764815,3,1,2,1,23,Unfurnished,14831207.051751187
Madurai,1362.9527006274513,2238.110465145311,2,2,3,2,9,Fully Furnished,9504019.710997904
Salem,3061.332882617005,4255.180078827794,1,4,2,1,2,Unfurnished,19762214.066369876
Coimbatore,2740.8877892958826,3738.924690215517,1,2,2,1,23,Semi-Furnished,16665704.680090092
Trichy,1220.6661037003153,1650.4677573795652,5,2,2,0,27,Unfurnished,8078558.775506897
Coimbatore,3729.1782679647145,4643.70873797537,5,3,3,1,3,Unfurnished,24048752.69141166
Trichy,3375.3214290121236,4290.148971692675,5,4,1,1,15,Semi-Furnished,21762125.196585767
Madurai,3900.630060573229,4799.199653167696,1,2,2,1,7,Unfurnished,23716874.856380768
Madurai,3386.5629480289826,3902.8780335534398,2,2,3,0,15,Semi-Furnished,20197986.90639455
Madurai,3054.9184074870777,3453.6607837431593,4,4,3,2,26,Semi-Furnished,18781525.774183642
Madurai,2275.616329940618,2672.9721451624755,5,1,3,2,16,Unfurnished,14487840.058927752
Chennai,4420.723488465474,4730.913933416054,2,1,1,1,18,Fully Furnished,25690352.4181939
Chennai,2707.041552793365,4464.255558001633,3,2,2,0,21,Fully Furnished,17853793.657172102
Salem,789.4410514522456,1180.8746804247576,5,2,3,1,14,Semi-Furnished,6129534.348044815
Coimbatore,666.2069192200988,1105.467897989008,4,1,1,2,15,Fully Furnished,5149492.614077254
Trichy,2071.3789456640925,2505.853467512198,3,3,3,0,14,Fully Furnished,13038229.416503053
Trichy,3878.7009996422435,4242.213323127331,3,4,3,2,24,Unfurnished,23254810.486142896
Chennai,3391.2194772063585,4949.104517259778,4,4,3,2,1,Semi-Furnished,22964413.068140347
Trichy,1480.680945170544,1601.6675644141128,5,3,3,0,10,Semi-Furnished,9935065.330564383
Chennai,2097.136694233671,3376.5228614085404,1,3,3,0,0,Unfurnished,14188942.557741767
Salem,2339.4760594999584,2523.563426524086,4,3,1,1,14,Fully Furnished,14615918.379578715
Coimbatore,3528.3239650216947,4879.657591258412,4,3,2,1,25,Semi-Furnished,22408046.95210772
Salem,2776.1544638549863,4368.475692542835,4,3,2,2,18,Fully Furnished,18754865.918398842
Madurai,3352.292346570097,4353.314818844552,3,3,2,0,3,Semi-Furnished,21404293.3421789
Madurai,1983.224571450831,2874.772639179881,2,4,2,0,10,Semi-Furnished,13124237.738544598
Madurai,1860.7114908869332,2659.278009350661,1,3,1,1,4,Semi-Furnished,12224335.320211992
Salem,1481.3498097197548,2093.628287722825,5,1,1,2,2,Semi-Furnished,10708428.089006286
Trichy,1079.7396335430797,1225.5019866037085,5,3,1,2,12,Fully Furnished,7809430.7348683085
Coimbatore,3516.7548983403344,4458.889505020213,2,3,3,1,9,Fully Furnished,21911064.44855576
Madurai,3014.207396528216,4251.60403652031,4,4,3,0,10,Fully Furnished,19915858.128201343
Madurai,4067.1652977368526,4998.870693144522,1,4,3,1,17,Fully Furnished,24655888.671589263
Madurai,4241.820144912098,4986.547348295621,5,3,2,1,1,Unfurnished,26837047.470059186
Coimbatore,2240.4481129049364,3221.7268224105096,5,4,3,1,6,Semi-Furnished,15688088.694964826
Madurai,3035.5316584521815,4075.949660722042,4,2,2,1,8,Semi-Furnished,19671032.055901267
Coimbatore,3071.313209893357,4779.0629195297115,2,4,3,0,9,Semi-Furnished,20340784.94795576
Madurai,2918.0343109799974,4398.589562709645,1,4,2,1,17,Unfurnished,18764461.874661565
Salem,1667.8891846097129,1989.3924069727905,2,4,3,0,22,Fully Furnished,10222772.219111055
Salem,1859.2537233021594,2802.176541240374,2,4,3,1,6,Semi-Furnished,12719253.604348166
Coimbatore,1188.7514943378437,1516.6376606059798,1,1,1,2,26,Fully Furnished,6859346.917247472
Salem,4084.941497142126,4816.204109034889,1,1,3,0,6,Fully Furnished,24351681.667981435
Coimbatore,2182.9265574687397,3424.69853780352,5,1,3,2,2,Unfurnished,15462807.753973553
Salem,1528.8986105677154,1914.5712220138507,5,3,1,1,11,Unfurnished,10592529.21397134
Salem,2543.1453732369223,3686.8027376234268,1,3,2,1,6,Fully Furnished,16458317.464714263
Coimbatore,3253.8293965444177,3472.512961831583,3,2,1,1,16,Semi-Furnished,19399247.83864778
Trichy,1871.2947320018093,2432.650872131362,5,1,1,0,25,Semi-Furnished,11865007.340565776
Salem,1282.7728162970443,1454.230368798516,3,3,2,2,0,Unfurnished,8917554.11589492
Madurai,2921.6793152796104,3686.2927823711984,1,4,3,0,4,Unfurnished,18281108.257603686
Trichy,1895.5558938924323,3081.230803615173,5,4,2,0,15,Unfurnished,13552478.486854153
Coimbatore,3359.7593545970185,4089.2735669425574,2,1,3,1,14,Unfurnished,20286045.376017652
Trichy,2874.222983273727,3080.6540044479734,1,2,3,2,1,Unfurnished,17345788.23006934
Chennai,3573.555186718048,4408.726001274161,4,2,2,1,8,Unfurnished,22491469.541760206
Chennai,2844.254821129864,3207.627355097942,3,4,1,0,6,Unfurnished,17788299.521201916
Salem,2950.102365813657,3243.751886141545,1,2,2,1,3,Semi-Furnished,17712962.90953131
Salem,3063.7223018436894,4506.6144106333795,1,1,3,2,19,Unfurnished,19129687.65105666
Madurai,1762.3536165580404,2613.9314648495883,5,4,2,1,17,Unfurnished,12422309.032330688
Trichy,1250.1129538991945,1536.060913802563,5,3,2,2,20,Semi-Furnished,8668781.389109451
Chennai,829.5010867471789,1115.130705253356,5,3,3,2,3,Semi-Furnished,6865911.736666332
Salem,3594.1756527705816,4020.549022694476,4,2,1,1,27,Fully Furnished,21453449.26470099
Trichy,3185.361132273489,3481.238205413859,5,4,2,0,12,Unfurnished,19941610.941727333
Salem,2761.860506087159,3816.319072396894,1,4,3,1,0,Unfurnished,17957955.16426849
Salem,1264.641599231861,1851.8566460356428,5,3,3,0,27,Unfurnished,8668115.171786144
Chennai,1349.4934544893,1545.485902347079,2,4,2,0,23,Unfurnished,8222303.628018344
Chennai,736.6850567195534,1058.1786626715277,5,4,1,1,2,Fully Furnished,6464897.150443823
Salem,2133.082836689508,2402.3502352263877,4,4,2,0,15,Semi-Furnished,13556693.04737445
Coimbatore,2514.0698038222063,3359.6707474185323,2,2,1,0,29,Semi-Furnished,15129919.014102167
Salem,2141.60763491698,2568.9761803989295,1,4,1,1,21,Unfurnished,12935005.773605125
Salem,1741.8891982575512,2749.899688094916,1,1,1,1,3,Unfurnished,11533381.01787288
Madurai,3778.026595988047,4616.634777974994,3,2,1,1,24,Unfurnished,22851081.415516205
Madurai,1814.1945979364832,2393.021868093201,2,4,2,0,22,Fully Furnished,11365501.932426017
Madurai,2461.0025541490986,3055.957956639243,3,4,3,2,24,Fully Furnished,15451661.041638035
Coimbatore,2723.9029794050552,4134.6120509645725,2,1,3,0,15,Semi-Furnished,17344097.868480235
Coimbatore,2218.691239357036,2586.1711292850805,2,2,3,2,25,Unfurnished,13212515.932248758
Salem,3146.4154793961934,3488.346800911494,4,3,3,1,18,Unfurnished,19264885.818376664
Madurai,3007.2037839989925,4449.45483498698,3,3,3,2,0,Unfurnished,20271762.829979844
Coimbatore,3039.5857134412627,4798.082494630568,4,2,3,1,4,Unfurnished,20695834.704042364
Chennai,966.1171121336141,1588.2939237161518,2,4,2,1,18,Fully Furnished,6823479.713060645
Salem,3881.2803127666516,4706.350500645978,1,4,1,2,21,Semi-Furnished,23428382.008225106
Trichy,2411.8272292489532,2968.465172318153,2,3,3,1,23,Semi-Furnished,14660380.738402072
Salem,1608.78478087078,2032.9775531958335,4,3,2,2,10,Fully Furnished,10979104.57775351
Trichy,1932.2005861478865,2836.5430249530455,3,3,3,1,12,Unfurnished,12978754.267609144
Madurai,3625.2361330586164,4920.130301141908,3,1,3,0,19,Semi-Furnished,22452718.960134063
Trichy,2400.339861726638,2970.4723759714784,4,3,1,0,4,Semi-Furnished,15676096.228935644
Madurai,1791.5103319931156,2315.0064411500325,3,1,1,1,20,Fully Furnished,11139804.223349059
Chennai,3341.8168517754743,3533.6034172669033,5,2,1,1,3,Unfurnished,20823499.93370992
Trichy,1269.9749707876722,1960.5824751127723,1,4,3,2,3,Semi-Furnished,9012586.33867985
Salem,1099.2029525187802,1303.4533124346558,1,3,3,0,3,Unfurnished,7105557.261256098
Madurai,1123.7747879772126,1515.5188876425968,1,4,3,2,3,Semi-Furnished,7820609.2110685725
Salem,1133.9407292309827,1512.1833558310898,3,4,1,1,19,Fully Furnished,7702353.308536731
Coimbatore,1368.3327292565018,1607.6107740491775,3,3,2,1,20,Unfurnished,8686630.210513271
Madurai,1310.1184017021556,1555.3086905976406,2,3,3,2,17,Fully Furnished,8316903.236376869
Trichy,3374.4182901214467,3563.4989792128586,2,2,3,1,17,Semi-Furnished,19766081.08060194
Madurai,1114.1435137500898,1727.5203375965793,1,1,3,0,15,Fully Furnished,6961670.216991299
Salem,1516.4220768003245,2382.669133295453,5,1,2,2,8,Fully Furnished,11003102.305556003
Chennai,3915.220888234007,4587.153639624047,2,4,3,0,17,Fully Furnished,23628078.364601888
Madurai,2323.729854230458,2895.8465610514895,2,3,2,0,21,Semi-Furnished,14146800.217298849
Trichy,2554.3201101305112,3670.230954084109,3,2,3,0,1,Unfurnished,16913717.64048823
Coimbatore,1060.5242196391926,1689.2794848065193,5,2,2,2,20,Fully Furnished,7849494.37014419
Chennai,1114.5336295744326,1769.1560752346832,1,2,3,1,3,Unfurnished,7683388.623366566
Coimbatore,1062.2135663878796,1163.4744650659154,2,2,1,0,11,Semi-Furnished,6591130.406824556
Madurai,1117.9760810687426,1675.7402522886582,5,2,1,0,6,Unfurnished,8381780.667555731
Salem,1507.9203307894127,2114.3613561278344,5,1,1,0,14,Fully Furnished,10232875.115905758
Salem,1160.323686375312,1708.0419371069872,1,1,1,1,6,Fully Furnished,7561106.913217289
Trichy,981.219488580474,1354.8101350282225,5,1,3,1,28,Fully Furnished,6561259.860646
Salem,925.5494436453312,1482.5434844024032,5,3,1,2,21,Fully Furnished,7109024.677686874
Chennai,2222.380393482488,2843.115072130903,5,4,2,1,25,Fully Furnished,14487449.85722828
Salem,1138.3963737508789,1825.33487362317,2,2,1,2,20,Fully Furnished,7613185.53022676
Trichy,2162.536499703932,2457.0794441923017,1,3,1,2,16,Semi-Furnished,13019909.581698455
Madurai,2054.717256537928,3013.669083419428,5,2,1,2,15,Semi-Furnished,14087630.55452399
Madurai,2967.9017653597302,3761.579314517461,5,1,3,2,27,Semi-Furnished,18524453.12153974
Salem,1050.8137252911679,1157.2485593643958,2,3,1,2,18,Unfurnished,6637360.03504753
Coimbatore,3474.83742867146,4197.641595636171,1,1,2,0,8,Unfurnished,20793938.343784977
Madurai,2761.99832253206,3511.601557963631,3,2,1,1,13,Semi-Furnished,17337914.320950627
Salem,946.8625894239545,1327.0361277954876,2,2,1,0,16,Unfurnished,6093325.005762381
Trichy,3220.4040616746615,4494.314496427109,1,4,1,2,4,Unfurnished,20794995.673248507
Salem,3907.5310789770465,4683.4896021272525,5,2,2,1,1,Fully Furnished,24819077.377949413
Madurai,1179.5438856718106,1244.311839419455,1,1,1,0,19,Fully Furnished,6536121.692826494
Trichy,1752.6979416725765,2107.5105925888147,1,2,2,0,15,Unfurnished,10441153.448633172
Salem,3359.6672544863413,4224.805119172245,1,4,2,2,13,Unfurnished,20783268.78819523
Chennai,3416.9537899029087,3993.0387615346335,3,4,1,0,13,Semi-Furnished,21062938.568404652
Trichy,1325.848710059066,1738.0840774255093,1,1,2,0,26,Unfurnished,7542020.088176407
Chennai,1141.115258136682,1837.3972933468413,3,3,3,0,0,Fully Furnished,8539895.413631279
Coimbatore,1977.5783295362478,2481.888411165528,5,2,1,0,2,Unfurnished,13357368.576311748
Trichy,2747.6120601954613,2938.0919407640854,3,4,1,0,25,Semi-Furnished,16364964.599796478
Chennai,2296.902114304184,3473.019086121184,5,2,2,2,6,Fully Furnished,16043682.41771425
Madurai,2083.26754858572,2475.6545582790895,5,2,2,2,25,Fully Furnished,13220489.438570647
Madurai,1910.5244390539287,2850.1388645325915,3,3,1,0,14,Fully Furnished,12727526.613181788
Coimbatore,3142.1918118741796,3989.8837525350264,2,4,3,2,18,Fully Furnished,19597723.656475842
Trichy,726.8414068577733,1146.7328115623916,4,2,2,2,19,Unfurnished,5481865.70473485
Trichy,1522.6448622745354,2009.747777376083,1,4,2,1,1,Semi-Furnished,10178599.21308671
Trichy,3331.868487776174,3853.3983435382097,4,1,3,0,18,Unfurnished,20137486.207238633
Coimbatore,3305.75421105066,4580.8273507487975,1,1,3,2,8,Unfurnished,20692886.77062653
Trichy,2537.0534272337954,3046.709768462664,1,2,1,2,18,Fully Furnished,15192792.144707276
Madurai,2748.0573622991365,3128.4539410612624,5,4,3,0,26,Semi-Furnished,17060402.85961963
Chennai,1320.839580529808,1428.6880453591043,1,2,1,1,4,Fully Furnished,8168203.766815061
Madurai,1902.8888859047638,2789.649467293819,1,4,3,0,17,Unfurnished,12165579.34732402
Madurai,2315.7975821677865,3130.4690658200925,3,4,2,1,15,Unfurnished,15102651.99873915
Chennai,1287.0137559089108,1969.8820145389186,4,3,1,0,3,Fully Furnished,9500420.3190368
Madurai,1967.6602307330547,2076.972923797524,3,3,1,0,11,Unfurnished,12161838.546855776
Coimbatore,2319.5722283572873,2509.1366524184905,1,3,1,0,28,Unfurnished,13169039.010509983
Chennai,852.3284911594355,1080.2847911109054,5,2,3,0,6,Fully Furnished,6471819.9595505465
Madurai,2047.3835836157928,2288.3166623327133,3,3,2,1,13,Unfurnished,12804206.121070324
Salem,1444.0282452692961,1845.7920279861787,3,3,1,1,22,Semi-Furnished,9243077.537295246
Madurai,1890.1603623756869,2309.9894087116586,2,1,1,2,11,Fully Furnished,11742708.921144582
Coimbatore,933.5658923891607,1479.0485272770047,1,4,1,0,2,Semi-Furnished,6755904.748483629
Trichy,3943.23460025325,4562.10912295958,5,4,1,1,4,Unfurnished,25029086.64869112
Madurai,2175.455271946212,3374.3698142161948,3,3,2,1,16,Unfurnished,14578792.500817388
Trichy,3304.3474573997187,3716.4092765779583,3,4,3,1,25,Fully Furnished,19904254.690192286
Salem,3631.73650774384,4156.684954429353,5,1,2,0,9,Unfurnished,22415836.2301625
Madurai,2538.897493511026,2993.768795716229,1,1,1,2,9,Fully Furnished,15302561.275659092
Chennai,825.665123563072,1347.6811523496947,2,3,2,1,10,Fully Furnished,6032710.438853458
Trichy,2223.0877371298916,3148.426167274191,3,1,1,0,16,Fully Furnished,14122006.21781354
Salem,2316.675467287461,3347.3644720835164,2,4,3,1,4,Fully Furnished,15501876.969293794
Chennai,2890.946332565708,3981.75789673732,4,2,3,1,12,Fully Furnished,18767367.97263047
Chennai,1719.6224319363355,2726.6381849187173,1,4,3,2,9,Semi-Furnished,11745266.76561597
Chennai,1401.4802726467901,1510.321211182255,4,2,1,1,8,Fully Furnished,9239046.680329261
Chennai,1694.9109836543953,2135.103623194898,4,3,2,1,16,Semi-Furnished,11179223.774278656
Madurai,1733.6336757340878,2452.3291855945404,4,2,3,0,0,Unfurnished,12044146.563516844
Madurai,2648.1289990873993,3583.6689653264048,1,1,1,0,3,Fully Furnished,16511983.254284982
Madurai,2483.743731460254,3283.1132186756477,1,4,1,2,3,Unfurnished,16061582.65398192
Salem,1964.2577048145686,2424.386903591385,5,2,2,0,17,Fully Furnished,12703423.95597522
Salem,3860.3402632729303,4946.060995171919,2,4,3,0,8,Semi-Furnished,24126804.378934488
Salem,3155.3690661705655,3423.0992774275487,2,3,1,2,29,Semi-Furnished,18441879.930680603
Coimbatore,1508.3317929070015,1948.907166943978,5,3,2,1,24,Semi-Furnished,10086181.66841428
Salem,1332.9112538475433,1407.129890481615,5,1,3,2,28,Unfurnished,8306656.510891883
Madurai,1447.0679898225405,1611.4365567373281,4,3,2,0,28,Fully Furnished,8915529.822286226
Madurai,1335.0759095857488,1983.8309135380325,5,2,2,2,17,Unfurnished,9543438.68938151
Coimbatore,1520.684664801162,1642.7254930382228,3,3,1,1,13,Semi-Furnished,9659351.583251096
Coimbatore,1118.8832825573393,1746.2680962052232,2,1,1,2,24,Unfurnished,7140496.486954294
Salem,1896.6071503945952,2140.3806747753883,5,4,1,0,14,Semi-Furnished,12463188.986506145
Trichy,1241.7008218043661,1693.4943811790195,3,4,2,0,5,Semi-Furnished,8794846.955534471
Coimbatore,4161.799851258222,4587.0616985057,3,3,1,2,23,Semi-Furnished,24827573.36886884
Chennai,1193.8872466971043,1320.9349826465689,3,2,2,1,9,Fully Furnished,7792614.589312851
Madurai,2732.705097117698,3098.0455582810187,3,1,2,2,28,Fully Furnished,16134827.606966864
Chennai,2315.3794154826055,2641.5873079586463,4,2,1,1,14,Semi-Furnished,14499112.1392221
Madurai,3483.3807590402234,4929.514467634426,3,1,3,1,28,Unfurnished,21610630.77684232
Madurai,909.9076649634674,1448.1556086722094,4,3,3,2,3,Unfurnished,7377371.222742254
Coimbatore,1920.3555888742292,2591.4223961829666,4,1,3,1,17,Fully Furnished,12406307.025353592
Coimbatore,3222.9802615251797,4877.881733101475,3,1,2,0,17,Semi-Furnished,20661869.25658508
Chennai,3762.52915069142,4462.028503575921,2,3,2,2,24,Unfurnished,22595815.382402495
Madurai,3078.011663010587,4268.288283797119,3,2,2,1,16,Semi-Furnished,19562998.424104184
Chennai,1912.6880356627407,2031.6113081797594,3,3,1,0,11,Unfurnished,11860029.730298046
Trichy,1387.8182774417437,1683.5503495602634,3,1,2,2,6,Fully Furnished,9155442.667960163
Chennai,3262.536398441897,3674.572879697724,2,3,1,0,15,Semi-Furnished,19515901.248625804
Salem,3049.317357704424,4717.503956510343,1,1,1,0,10,Semi-Furnished,19432932.85748232
Chennai,2909.8487597868634,3227.051572055719,1,3,3,0,13,Unfurnished,17211781.30550775
Salem,3033.2790785633174,3286.450757879599,4,4,3,1,2,Unfurnished,19223496.762990445
Salem,1633.33551279362,2119.916374641137,4,4,3,2,18,Unfurnished,11063909.457140654
Salem,3312.08185973021,4077.9717327677477,2,3,1,2,17,Semi-Furnished,20352934.448107243
Trichy,1516.8624757863056,1748.1749942300935,5,2,1,1,29,Fully Furnished,9558691.134114487
Chennai,1517.2519736231925,2294.716945616975,1,1,1,2,9,Fully Furnished,9866294.216044737
Chennai,2096.279469877651,2701.7457544656672,4,4,2,0,5,Unfurnished,14100352.51980823
Trichy,2241.108655255995,3030.4415147378204,1,2,1,2,12,Fully Furnished,14051518.766337361
Madurai,1282.6897274345888,1969.638929660321,2,1,3,1,9,Unfurnished,8570670.489048034
Coimbatore,1063.3345076297683,1459.347298956814,2,4,3,0,17,Fully Furnished,7041222.043082134
Chennai,2147.626739975281,3442.4801697665303,5,4,1,1,25,Semi-Furnished,14870296.5336086
Coimbatore,1312.177642185157,2154.522212961023,5,3,1,0,19,Unfurnished,9525226.045386434
Trichy,2152.2692715249586,3324.952885690449,2,1,3,0,25,Fully Furnished,13450155.184690854
Madurai,1515.6974949594257,1617.4508610968091,4,2,1,2,15,Semi-Furnished,9736579.760633588
Madurai,2317.23255763668,2924.5604074192697,1,2,3,0,24,Fully Furnished,13647018.998268185
Madurai,2936.393741983509,3130.3577302063436,3,2,2,1,24,Semi-Furnished,17280201.115173403
Trichy,907.1297434019391,1207.2941472897076,5,1,3,2,5,Semi-Furnished,6955836.8220563745
Salem,1663.9280164141871,2346.4171127756827,3,2,2,1,12,Fully Furnished,11033376.609194662
Salem,1194.9909296181704,1537.658707755897,4,2,1,0,3,Fully Furnished,8417649.632588845
Coimbatore,944.9246765615269,1253.499881891071,5,2,1,1,22,Semi-Furnished,6636360.902796157
Salem,3159.3325667695117,4959.840929559781,3,3,2,1,13,Semi-Furnished,21013805.66593454
Salem,1887.140395182825,2289.415379898892,4,3,1,0,0,Semi-Furnished,12689430.234201383
Madurai,2864.2613586102493,4239.497783418539,1,1,2,2,27,Unfurnished,17631573.45384837
Madurai,1648.8745511737682,2018.5626190550554,4,1,1,1,19,Semi-Furnished,10427210.623148024
Coimbatore,3083.5362559240234,3726.010888895717,5,2,3,0,4,Unfurnished,19757126.218332965
Chennai,2639.558502571925,4040.911439558746,2,3,1,2,7,Semi-Furnished,17632106.98904416
Coimbatore,2102.164447428103,3382.554962431377,1,4,3,2,11,Unfurnished,14183805.968344115
Coimbatore,2520.5134097386776,2886.3047542006334,3,4,3,2,1,Semi-Furnished,16320876.04886481
Trichy,2014.458819863348,2647.363656589074,5,2,2,1,11,Semi-Furnished,13506901.077291954
Trichy,1486.0492716490844,2395.4730661719814,2,2,1,1,4,Semi-Furnished,10321789.401827257
Coimbatore,4473.73328821992,4718.116576991303,4,3,2,1,21,Fully Furnished,26608539.6893792
Coimbatore,2680.9008925383014,4322.477631150917,2,3,1,2,4,Fully Furnished,18261027.173803456
Coimbatore,4098.34569529379,4860.10764266605,5,3,3,1,12,Semi-Furnished,25654684.80002132
Salem,1413.7769431035838,1497.188893942179,5,1,3,0,8,Unfurnished,9278622.916696742
Trichy,2682.5275194064534,3923.469900814577,2,1,1,1,9,Unfurnished,17214537.718306534
Coimbatore,3088.674048046036,4753.361827284151,4,2,1,1,0,Semi-Furnished,21003067.408948146
Madurai,1108.242638256438,1724.9322646626406,2,1,2,2,29,Fully Furnished,6892010.58974914
Madurai,893.9706747466196,1265.98506946711,5,3,1,1,2,Unfurnished,7272050.119720319
Salem,2518.89758403982,3964.4825971602363,5,3,1,0,29,Fully Furnished,16777418.244771473
Salem,2777.6712543248723,3297.8924527196477,3,1,1,2,17,Unfurnished,16961991.587725505
Chennai,2715.60583307604,4367.315107033088,3,4,2,0,11,Semi-Furnished,18426004.377281886
Chennai,1213.4358469360468,1559.089506505158,1,2,1,2,28,Fully Furnished,7101368.719018401
Chennai,3967.1820460962917,4181.069247439561,5,4,3,2,2,Unfurnished,24849602.304360785
Salem,1598.561264096348,1806.5092801909782,3,2,2,1,25,Semi-Furnished,9636336.82466274
Salem,1349.0591103847519,1654.623771462818,2,4,2,0,24,Semi-Furnished,8316314.522486765
Salem,1171.8564758525729,1657.0631917239716,4,1,3,2,28,Semi-Furnished,7631829.971405344
Madurai,3484.8365580784903,4258.2988809255285,2,2,3,1,29,Fully Furnished,20676723.16846384
Salem,2871.758965819921,3660.7888827848005,4,2,3,2,8,Fully Furnished,18535862.005531404
Madurai,2316.5034844618694,3092.2616990764773,3,2,1,2,25,Semi-Furnished,14509979.718970187
Chennai,1572.6058086273874,2435.32193649401,1,3,3,2,1,Fully Furnished,10864112.462616056
Chennai,4104.414349220189,4508.802163252433,2,3,1,2,29,Unfurnished,24015427.16739377
Chennai,1946.4149836550184,2569.7804296905415,2,4,2,2,2,Semi-Furnished,13072603.942076232
Coimbatore,2850.456621554995,4266.397757886309,2,1,2,2,13,Semi-Furnished,18341732.106461048
Coimbatore,2008.7339098682535,2756.5396342808735,4,3,3,1,3,Fully Furnished,13792150.15554419
Trichy,1868.1575085897553,2507.7777176996306,3,2,1,2,24,Semi-Furnished,11826042.049893456
Trichy,2536.108827671563,2850.7191426784257,2,3,3,0,18,Unfurnished,15153352.695736144
Trichy,1889.6051306482066,2205.5114966565684,2,1,3,1,12,Fully Furnished,11479836.883904811
Coimbatore,3468.714601779933,3990.4375207050043,1,3,1,0,6,Fully Furnished,20887740.732855704
Coimbatore,1818.1537769514725,3010.8815603699168,1,2,3,2,11,Semi-Furnished,12159749.868725527
Trichy,1438.2551058341026,1928.8507805872691,3,4,2,0,2,Semi-Furnished,10066768.912958184
Trichy,3533.6563726591053,4598.298293098274,3,2,3,2,22,Semi-Furnished,21899411.628683902
Salem,1538.3710734105277,2535.564885492846,5,1,1,2,22,Fully Furnished,10795347.69293879
Trichy,2193.172587890331,3174.2114444559543,1,4,1,1,8,Semi-Furnished,14348330.378853634
Salem,4006.4886336821974,4625.888443858188,5,3,2,1,1,Unfurnished,25345264.984199714
Madurai,2265.984310293209,3496.9519836559684,4,3,1,2,28,Semi-Furnished,15063271.776706602
Coimbatore,1155.5212314618834,1467.5921628334563,5,3,1,1,21,Semi-Furnished,8025956.1369786225
Trichy,3214.0728372153517,4759.328494453901,2,4,2,0,8,Fully Furnished,20994521.960813764
Coimbatore,2121.3932294915758,3510.8322122856716,5,2,3,1,11,Semi-Furnished,15024268.187454898
Coimbatore,1601.2855967158293,2339.6224586283442,3,4,2,1,11,Fully Furnished,11078332.135575246
Coimbatore,1466.0855333164238,1557.088290653549,4,4,3,0,14,Semi-Furnished,9575890.848708166
Madurai,3677.2153631658366,4176.1007570811835,2,1,2,1,1,Unfurnished,22273790.042743687
Chennai,3257.036707857083,3480.291023714054,5,4,3,2,17,Unfurnished,20288014.41381374
Trichy,2415.407147514629,3133.844367905286,4,3,2,0,12,Fully Furnished,15659945.405302174
Chennai,2921.079192585462,4575.570332203831,4,2,3,2,13,Fully Furnished,19680540.765279178
Chennai,3289.386182895809,4154.388844898123,2,2,2,0,4,Semi-Furnished,20447504.43690889
Chennai,1219.5364570563272,1606.6995189310046,5,2,3,2,25,Semi-Furnished,8290953.479470678
Coimbatore,2012.144571773355,2246.888271182193,4,3,2,2,9,Unfurnished,13085916.498398729
Salem,1264.824277411007,1993.9565592578629,4,3,1,1,11,Semi-Furnished,9249457.119458966
Coimbatore,3064.870757408395,3975.785170290708,1,3,3,2,9,Unfurnished,19147860.612686627
Coimbatore,740.0389718872236,1134.1297389431174,4,3,2,1,23,Fully Furnished,5436131.060224247
Chennai,2340.413064427631,3279.558739485266,1,3,3,0,10,Semi-Furnished,14817329.27730666
Coimbatore,3475.061854268765,4049.834742962762,5,4,3,2,24,Fully Furnished,21707580.035764758
Chennai,3455.1427471358675,4507.062547046998,5,3,2,2,1,Semi-Furnished,22821617.4185678
Salem,1732.575427385481,2368.32699486363,5,3,3,0,4,Unfurnished,12198581.81707102
Trichy,3162.6373641260057,4285.0292186880515,3,3,2,0,29,Fully Furnished,19558903.20099269
Chennai,1097.4836892726883,1442.5269478208288,5,3,1,2,6,Fully Furnished,8359708.939112091
Salem,3836.5119641183564,4385.809166938073,4,2,3,0,5,Semi-Furnished,23652274.83885829
Trichy,1377.4253878776062,1509.9546493279297,2,3,1,1,21,Fully Furnished,8325359.824642744
Madurai,2419.2158984725334,2589.149162241469,1,4,3,0,22,Unfurnished,14073450.537816163
Chennai,3667.2772555089014,4189.181463118215,3,4,3,0,2,Fully Furnished,22809765.405531913
Chennai,1136.3932256789085,1599.6697093950952,5,4,3,2,12,Fully Furnished,8663373.166829202
Madurai,1611.90867375831,1917.0055809305659,5,1,2,1,2,Semi-Furnished,10983995.729029074
Madurai,2929.051229962917,3889.0102735722653,2,2,1,0,25,Fully Furnished,17772542.863119848
Chennai,2673.9434191479986,3880.1461461842973,2,3,3,1,24,Semi-Furnished,16898920.76158715
Madurai,3187.831323517018,3564.590531541189,3,1,2,1,29,Semi-Furnished,18607749.59367601
Coimbatore,2316.2577559823912,3775.7937778684,1,3,3,1,23,Fully Furnished,14949112.43536284
Trichy,2903.326946580833,3170.897773390385,5,1,2,2,20,Unfurnished,17770048.58768221
Trichy,1528.514281814328,2007.196235627811,3,1,3,0,5,Semi-Furnished,10011949.750917848
Trichy,1961.0800979146693,2382.783974015678,4,4,1,2,10,Fully Furnished,13134201.209434826
Coimbatore,1434.2404266667347,1726.3908672057028,4,4,1,0,27,Semi-Furnished,9180750.960647149
Madurai,4232.010856054354,4633.802245334513,3,1,3,0,25,Unfurnished,24629611.546646006
Salem,2742.9737121709954,3333.567179064482,5,4,2,2,16,Unfurnished,17833662.319646858
Madurai,2121.454761048549,2603.4056670545597,3,1,3,1,9,Semi-Furnished,13355633.225183941
Chennai,1775.253224331428,2848.023214576531,5,2,2,1,11,Unfurnished,12671267.366983265
Trichy,3742.4338179829097,4789.133358447261,2,4,3,0,16,Fully Furnished,23127912.21105981
Madurai,1052.8425955363234,1613.4056124643207,3,4,2,2,3,Fully Furnished,8118878.41487064
Salem,2870.2813599983874,3344.919328067189,5,4,1,1,1,Semi-Furnished,18845169.31367337
Chennai,2356.188680748977,3023.554715537864,3,2,3,1,10,Unfurnished,15031114.722015832
Coimbatore,2887.8693070862314,3445.816941738591,3,1,1,0,6,Fully Furnished,17820392.211974353
Coimbatore,659.1065418272112,1072.440735283362,5,3,1,0,1,Fully Furnished,5917908.320562486
Salem,2826.3033893555644,4488.495635776606,5,4,3,2,25,Fully Furnished,19279560.015031967
Chennai,4022.5744404399697,4728.473129934449,1,1,3,0,17,Semi-Furnished,23580752.737901203
Trichy,2038.5813086194194,3260.5327343568356,3,2,2,1,20,Semi-Furnished,13536255.17001559
Madurai,2366.3993133685963,3786.603295507569,4,3,2,1,3,Fully Furnished,16637720.864767766
Chennai,2833.8745664333783,4689.9975247091825,3,4,1,1,7,Fully Furnished,19585432.578601222
Coimbatore,3579.212851470027,3828.9545372535945,3,2,2,1,19,Unfurnished,21186203.276319437
Salem,1381.7199758152813,1610.1561716570454,5,2,2,2,13,Unfurnished,9444927.29715722
Salem,2391.734602281254,3305.1534406672527,3,3,3,2,11,Unfurnished,15743989.839066345
Madurai,2411.781203306683,3426.8601855314237,3,1,2,0,21,Semi-Furnished,15130247.63751778
Salem,1947.9575533609811,2696.522685209544,4,4,1,0,20,Fully Furnished,12901636.212375868
Salem,3437.2796801153536,3945.7769424988915,5,4,2,0,26,Semi-Furnished,21142690.891517762
Chennai,3939.108586250832,4737.46805907606,3,1,1,2,29,Fully Furnished,23495950.30902002
Trichy,3126.158540617102,4702.274051627105,2,1,3,1,17,Unfurnished,19865442.294729486
Madurai,1852.8462393535006,2803.3574856165287,1,1,1,0,10,Unfurnished,11751837.059830587
Chennai,921.8087709473889,1452.952183363021,4,3,2,1,28,Unfurnished,6461682.089298875
Trichy,4105.13548041333,4939.364795849338,3,3,3,0,27,Unfurnished,24655347.416879192
Chennai,3778.6089083850075,4355.592345783736,2,4,2,0,29,Fully Furnished,22315450.902673017
Chennai,1038.2146425592741,1498.6507248130674,3,3,3,0,7,Unfurnished,7425346.761292415
Salem,2844.353050928388,4683.36753046949,3,2,3,0,1,Fully Furnished,19434629.765741132
Trichy,2816.5845210091097,4479.585448248514,5,4,2,0,24,Fully Furnished,19060132.88243921
Madurai,2886.990017366889,3075.3522285042886,5,3,2,1,14,Semi-Furnished,17991877.75235615
Madurai,2367.0316532630627,3365.101742979717,5,1,3,0,8,Unfurnished,15809764.531259442
Trichy,2256.525553245331,2596.010815480521,2,2,3,1,18,Unfurnished,13539577.968180615
Salem,997.9508233118971,1219.0465552881253,3,1,2,2,19,Semi-Furnished,6388634.571249288
Coimbatore,1717.3874129903077,2340.7889665836037,1,4,1,0,7,Fully Furnished,11142190.118356708
Chennai,2830.0302373046106,4211.413794392046,4,1,2,1,24,Unfurnished,18198832.621141203
Salem,654.3892721207441,1018.5280920184115,5,3,3,2,18,Fully Furnished,5436985.434965442
Trichy,1902.801392460733,2333.9966867645767,5,3,2,2,4,Semi-Furnished,13123402.290190792
Chennai,2258.5355764686356,2592.6747743637734,3,4,1,2,10,Fully Furnished,14474619.823345387
Madurai,2599.559776182851,3149.5824117516913,3,1,2,1,14,Unfurnished,15987517.886924857
Coimbatore,3676.181179958699,4679.422465651041,2,4,3,0,7,Fully Furnished,23013122.268595397
Madurai,1466.2548081513976,2385.383977463845,2,1,2,0,18,Fully Furnished,9480607.409637904
Trichy,2242.0871520506894,2387.812807584911,5,2,3,1,22,Unfurnished,13834767.553329995
Chennai,3474.2267610620015,3950.0049924389937,3,3,3,0,26,Unfurnished,20664026.4157058
Trichy,1973.1979008585722,2808.8717635592284,1,4,2,1,7,Fully Furnished,12955036.670134649
Chennai,1790.189677568467,1898.419291759928,4,2,3,0,25,Fully Furnished,10758956.699170016
Salem,2277.754416349104,2809.7580645307735,3,2,3,2,26,Semi-Furnished,13961604.551007897
Coimbatore,1256.7584276155133,1563.4280815191994,3,4,1,0,29,Unfurnished,7866526.622092849
Salem,1469.8849037432583,1705.5479460248932,2,4,1,1,18,Fully Furnished,9231139.602074534
Salem,2646.5859421810533,2993.471090957919,4,2,1,1,17,Unfurnished,16306802.048964243
Trichy,2220.210425309998,2675.7017980181918,5,1,1,2,9,Semi-Furnished,14486789.071516821
Coimbatore,3004.526689701938,4659.3836042724,3,2,3,1,28,Fully Furnished,19281630.4287856
Chennai,1759.7594975965212,2449.5755964665323,5,4,2,0,6,Fully Furnished,12498408.454944184
Chennai,3072.6096843011405,3322.3534011121737,3,2,3,0,27,Fully Furnished,17918567.66068974
Madurai,2394.8727569815087,3529.0571516781215,5,1,3,2,8,Unfurnished,16331795.988430534
Chennai,768.5078090672798,1052.3778263533345,4,3,3,1,0,Semi-Furnished,6271138.5324267605
Trichy,2745.0954250557234,3654.1494880668424,2,3,2,2,18,Unfurnished,17257908.798430964
Salem,1290.5999159431644,1712.1438674790056,4,2,1,0,4,Fully Furnished,9022272.262719046
Salem,3945.806870592429,4844.281269877821,1,1,3,2,18,Semi-Furnished,23539268.441519313
Salem,1483.1474069421713,1594.6509110124518,2,3,3,1,0,Fully Furnished,9637744.424454713
Coimbatore,1819.0561527096802,2658.496494908095,4,2,1,2,14,Fully Furnished,12385948.481083274
Chennai,861.882828087801,1341.3986723145754,1,2,3,1,15,Unfurnished,5613151.133172595
Trichy,3337.2074214583404,4987.497007383789,3,1,2,1,22,Fully Furnished,21232429.80542308
Coimbatore,2739.2647030613093,3008.7800413249706,3,4,3,0,6,Semi-Furnished,17077227.213365857
Madurai,2793.266340626895,3381.540069280175,5,2,3,0,25,Fully Furnished,17302546.615957238
Trichy,887.8995903629697,1268.3059095537099,2,4,1,0,11,Fully Furnished,6232515.248097816
Trichy,3542.185687834585,3999.841881596711,3,4,3,1,7,Unfurnished,21944645.853171688
Trichy,1658.3818541025819,1839.6223723823432,2,3,3,2,4,Semi-Furnished,10680265.19032043
Salem,4115.912479306733,4592.217157762855,3,4,2,1,9,Unfurnished,25167266.746195726
Trichy,1677.8709861669345,1820.5585619280287,5,1,1,0,27,Fully Furnished,10190089.71206484
Chennai,1213.273857926107,1762.7508826546664,4,3,1,0,20,Unfurnished,8325033.41985308
Trichy,990.6190222865109,1146.1986713923795,5,3,2,2,4,Unfurnished,7593224.005960154
Salem,2198.5171553229247,2888.2677804399973,1,3,3,0,16,Unfurnished,13499248.535481159
Trichy,2916.1517968896683,3259.3645330504655,3,2,1,0,25,Unfurnished,17208920.525664065
Madurai,1079.6878553601505,1262.8345577134096,1,2,1,0,4,Fully Furnished,6783996.818376768
Madurai,3576.0418990849307,4102.110466780043,1,4,3,2,21,Fully Furnished,21329721.106018238
Salem,2333.9530153156493,2813.1553389921105,2,3,3,1,14,Semi-Furnished,14438574.975710955
Chennai,2050.8954039927426,3097.5610773103203,3,3,1,0,12,Unfurnished,13726102.610739727
Chennai,2184.908600965287,2763.0509877529125,1,1,3,2,27,Unfurnished,12802749.889647286
Coimbatore,2458.932717202773,2603.052243501304,4,4,1,0,0,Semi-Furnished,15788859.919614043
Salem,3005.662853752059,3238.5613252328717,1,1,3,2,10,Unfurnished,17661756.43216371
Trichy,997.07061967069,1620.96098372285,4,4,3,0,22,Semi-Furnished,7261970.968985525
Salem,1136.2909305189644,1727.7125219810846,2,4,2,2,0,Fully Furnished,8486564.21371264
Coimbatore,2873.321309113182,4447.142484054069,1,2,3,0,10,Semi-Furnished,18466516.871874202
Salem,4086.375222865231,4784.461848534531,5,2,2,1,17,Unfurnished,25185042.72113498
Salem,2209.5688598148495,2493.2372651190117,2,1,3,0,17,Semi-Furnished,12989944.587309636
Coimbatore,1405.4460848711672,2082.978692574215,4,4,1,2,20,Fully Furnished,9924081.81300931
Chennai,2778.7238107968633,3575.998172956063,2,3,1,0,29,Unfurnished,16730454.95613316
Trichy,2356.2817478506954,2634.9366843923854,1,2,3,1,25,Fully Furnished,13540191.886598991
Coimbatore,943.452219154456,1101.5454226413794,3,3,3,0,15,Fully Furnished,6242389.493364708
Madurai,1283.089702837595,1624.6103894647613,3,1,1,2,12,Semi-Furnished,8403436.130126892
Chennai,3116.696613320078,3863.8889153895902,4,2,3,2,6,Fully Furnished,19951801.45840786
Madurai,2828.302961685007,3635.6957676406055,4,2,2,1,0,Unfurnished,18490198.24875126
Chennai,780.4596588188487,1108.383970013934,3,4,2,2,25,Fully Furnished,5517129.228701539
Trichy,1506.0777007521453,1887.8886477317978,4,1,2,0,15,Fully Furnished,9667816.030662812
Trichy,1618.5470109901346,1924.2991863522857,2,4,2,0,0,Semi-Furnished,10692620.57307835
Salem,3339.696667167734,3687.5709743949137,5,2,2,0,16,Fully Furnished,20443720.1715287
Madurai,887.5655671607476,1078.8421510174567,5,1,3,2,5,Semi-Furnished,6713655.633444312
Chennai,1227.1881322433578,1416.4343279382954,2,2,3,0,1,Semi-Furnished,7987067.788621064
Trichy,2755.0851029867626,4199.664341492758,5,1,2,0,16,Unfurnished,18277480.17323174
Coimbatore,1305.4243775818336,1714.1786482173345,1,2,3,0,5,Unfurnished,8306424.076979052
Trichy,2178.3843757149057,3610.984431407499,2,3,3,1,13,Unfurnished,14730911.008406073
Coimbatore,1340.232798262804,1952.731124186906,4,3,2,2,17,Unfurnished,9429324.941206906
Chennai,1194.0574535440317,1397.7655710373806,2,4,3,2,5,Semi-Furnished,8175577.226192999
Trichy,1868.3995798655283,1972.6887639978163,3,3,3,2,9,Fully Furnished,11860024.626192257
Trichy,2468.4392576836944,3889.067727422637,4,2,3,1,23,Unfurnished,16369857.932483789
Chennai,3275.174709272692,4422.785872425143,3,2,2,2,17,Unfurnished,20700629.238637283
Trichy,3802.4812497938433,4320.879458267967,4,3,3,1,26,Unfurnished,22936220.973993853
Coimbatore,1738.1083741461925,2588.7341184738193,5,4,1,1,8,Fully Furnished,12597968.62582645
Trichy,2916.86566585345,3672.3405462825845,2,3,1,2,7,Unfurnished,18437704.151879627
Madurai,1558.9126069570443,1819.9371816632838,1,1,2,0,27,Fully Furnished,8654031.34930264
Salem,1771.9540914821064,2172.590921044053,4,1,1,0,9,Semi-Furnished,11415902.516922344
Coimbatore,3052.9612477312985,4585.343274084479,4,1,2,2,16,Semi-Furnished,20030737.54369222
Madurai,762.0581716363023,1052.0076940429442,3,3,1,2,22,Semi-Furnished,5321671.005214893
Chennai,1173.3768362026196,1342.0341234178723,5,3,1,1,29,Fully Furnished,7675636.711013235
Coimbatore,1454.2087966324298,1831.5450205841094,3,3,1,2,28,Unfurnished,9161793.609546866
Salem,665.7019084789692,1106.1288154952788,3,1,2,1,25,Unfurnished,4448013.166749696
Salem,1495.0907757283642,1725.7417403591894,5,4,2,2,5,Unfurnished,10673798.579208666
Chennai,2040.4819030623817,3332.166243878769,1,2,3,0,13,Unfurnished,13275768.05643524
Chennai,2312.404479326741,2685.698202369992,3,3,2,0,21,Unfurnished,14093657.999814324
Coimbatore,3066.32843798611,4570.686844307899,3,4,1,2,21,Fully Furnished,20098302.184106976
Trichy,3993.6296634083424,4269.774246953763,4,2,1,1,5,Semi-Furnished,24320062.581682056
Chennai,1725.216853499159,2367.2694067915036,5,2,2,0,25,Unfurnished,11279199.12889602
Trichy,1455.7815173241627,2037.69373372517,2,2,2,1,6,Semi-Furnished,9686249.308428936
Madurai,1642.5169245470731,2518.7696326690675,1,4,2,2,11,Fully Furnished,11078849.71966471
Salem,2376.224609398225,3361.179770059231,1,4,3,2,2,Fully Furnished,15706426.466363087
Trichy,1879.177977538915,2072.2545632915053,5,1,1,0,13,Unfurnished,11888006.374874923
Salem,3317.27978116315,3496.595631396536,4,4,3,2,21,Fully Furnished,20188673.772910018
Trichy,1922.602599699998,2637.6466087649615,4,4,3,0,18,Semi-Furnished,12786887.629167944
Madurai,2428.642882644999,3208.188723407921,5,4,1,1,22,Unfurnished,15958719.439992003
Chennai,2340.3085071906958,2744.5061165412667,4,2,1,0,15,Unfurnished,14599795.62220765
Madurai,1982.2223850998655,2177.8630381676708,1,3,2,0,6,Semi-Furnished,12023436.3787506
Chennai,3871.318257583026,4793.813227848626,1,1,2,1,7,Unfurnished,23428508.032541968
Chennai,2988.247708713117,4054.4231766390435,2,3,3,0,17,Unfurnished,18667422.501175877
Salem,1161.628525253165,1560.45270306581,5,3,2,0,24,Semi-Furnished,7959871.607318215
Madurai,3773.5604105891885,4473.871903591651,3,4,2,2,12,Unfurnished,23479668.13196133
Trichy,1773.1574229792132,2949.7247929980545,3,1,1,1,20,Unfurnished,11818878.155004125
Madurai,3739.738642875112,4578.208907576365,2,3,1,0,8,Semi-Furnished,22992674.58202964
Salem,3042.155301923706,4199.42102378926,2,3,2,1,9,Fully Furnished,19464004.08720379
Chennai,2371.266279334558,2700.8540178769335,4,1,1,1,20,Semi-Furnished,14461723.07845783
Salem,689.3982734062773,1089.8772332804697,2,4,2,0,22,Unfurnished,4740144.9102648115
Coimbatore,1671.9477405709133,2074.7094375397846,2,3,1,2,26,Semi-Furnished,10253416.157616852
Coimbatore,2432.9785495275173,3166.536858643468,3,2,1,1,8,Unfurnished,15618247.70324599
Trichy,2914.8205846286555,3533.9128793045893,4,3,1,0,14,Unfurnished,18317388.08599446
Salem,1265.044123831255,2031.5507417328092,2,2,1,1,19,Semi-Furnished,8365559.44732002
Trichy,1250.6028724732444,1557.4242962912965,2,4,2,2,1,Unfurnished,8761622.081679156
Trichy,3456.6728180820337,4339.720947197196,4,3,3,2,24,Fully Furnished,21572692.818005785
Coimbatore,3931.477294141618,4937.608722814209,5,1,1,2,12,Unfurnished,24796778.291014332
Trichy,2517.023678893923,3102.760729210743,4,1,2,0,1,Semi-Furnished,16164919.430075545
Coimbatore,1411.3838093723707,1686.717143393214,3,3,2,0,18,Fully Furnished,8945287.714247525
Chennai,1842.1698968675548,2089.2293060774755,5,4,1,2,25,Fully Furnished,11971839.703196967
Salem,745.5219355843507,1073.562706189867,1,4,3,0,1,Unfurnished,5458123.957557418
Trichy,4139.1627968217235,4657.195226241996,4,1,1,2,2,Semi-Furnished,25494866.85718815
Coimbatore,1139.1302923283101,1471.0043315605644,3,3,2,0,5,Unfurnished,7916291.513350073
Madurai,2072.8054534252296,3306.0659020570142,5,4,3,2,2,Unfurnished,15274903.62288195
Trichy,1300.6900178542467,2096.220882748824,4,1,2,1,9,Semi-Furnished,9303570.139642699
Chennai,2306.3291509284336,3216.7120100631737,2,2,1,2,23,Semi-Furnished,14433535.59125376
Chennai,3153.9399251381064,3605.6815534074567,4,3,3,2,26,Unfurnished,19259547.527210426
Madurai,3661.1380933941805,4318.967214828806,1,2,2,0,5,Fully Furnished,22032882.07806838
Coimbatore,1599.3279553727598,1825.6850870424128,4,2,2,0,22,Unfurnished,9917797.903628316
Trichy,815.3970812158685,1043.983314633922,5,4,2,0,15,Fully Furnished,6247066.843032114
Coimbatore,1166.9548455166719,1547.542520275229,5,4,1,0,16,Unfurnished,8398347.829155298
Chennai,2997.447156735217,4600.07456739242,4,4,3,0,18,Semi-Furnished,19978601.68617938
Coimbatore,3213.729797183231,4495.560310250061,5,3,1,0,2,Fully Furnished,21486456.45962461
Chennai,2548.7026216966924,3389.6524086812333,2,2,1,1,17,Semi-Furnished,15841744.688052595
Coimbatore,2146.739088038621,3402.0674417346136,4,3,1,2,6,Semi-Furnished,15182806.826255329
Madurai,2478.7032575146445,3660.1466981850217,2,4,3,2,8,Semi-Furnished,16566340.696637925
Salem,1377.1460702333732,1701.4851144937984,2,2,1,2,19,Semi-Furnished,8573939.453442737
Madurai,3993.8495559749626,4657.647783699839,3,3,1,1,11,Semi-Furnished,24476500.34232714
Madurai,2539.7808046475166,2675.0820995682925,4,3,1,2,4,Unfurnished,16149112.140395775
Salem,2346.638469614378,2532.55411299799,5,1,1,1,2,Fully Furnished,15028938.04886229
Salem,2537.1141548885016,3075.6708211313503,2,3,2,1,10,Unfurnished,15807818.682355877
Trichy,887.8531898181498,1187.8638671002202,3,4,1,1,24,Unfurnished,6030775.994701938
Trichy,1369.842164124542,1665.1334750243177,4,3,2,2,29,Unfurnished,8797449.90858962
Madurai,3458.030972671547,3952.134465705482,4,2,1,1,3,Semi-Furnished,21598700.73586854
Madurai,853.8517804095949,1331.1946717005058,1,3,3,2,4,Unfurnished,6199766.617883784
Chennai,2537.160772574297,3412.608437865553,1,1,2,2,0,Fully Furnished,16112353.602022998
Chennai,1771.231303532288,1981.3964387252838,2,2,2,0,26,Unfurnished,10238216.592365636
Trichy,1877.845285474555,2557.182456167906,1,2,2,0,27,Semi-Furnished,11123922.732036985
Trichy,1724.1545832897677,2154.7749470827994,2,1,2,1,28,Fully Furnished,10114425.561303314
Chennai,1952.0087311434622,2422.6908658597968,5,4,3,1,17,Fully Furnished,13046268.329177335
Chennai,2575.9825132262285,3876.183620736982,2,2,1,2,11,Fully Furnished,16858341.654402405
Coimbatore,1590.553744310466,2188.4868624927003,1,4,2,1,12,Fully Furnished,10313676.084388338
Coimbatore,2341.7063324174055,3265.618561187589,5,2,3,1,8,Unfurnished,15826420.76930343
Chennai,1769.1491483502364,2904.2016087963984,1,2,2,2,1,Semi-Furnished,12161213.098131742
Coimbatore,2223.7554408198653,3654.6846614505926,2,4,1,1,4,Fully Furnished,15452521.077430105
Salem,4230.307274139465,4747.318957299032,3,2,2,1,12,Fully Furnished,25463165.482386433
Trichy,2733.809495123244,3930.288388841001,4,4,3,2,15,Semi-Furnished,18293488.794663798
Trichy,1453.082941418686,1859.761514363027,1,1,1,2,15,Unfurnished,8845587.05361972
Chennai,792.4347547736236,1124.7325402451388,2,4,3,0,23,Fully Furnished,5210635.444775473
Madurai,1904.0603226079472,2049.0561771993002,5,1,1,2,2,Unfurnished,12557138.864374923
Chennai,2334.963389468011,3380.311722801019,1,2,1,0,21,Unfurnished,14378709.319967272
Coimbatore,904.7354683806379,1205.7032539370014,1,4,1,1,3,Unfurnished,6363153.512437273
Madurai,2703.205955905429,2985.4649888049453,4,2,2,2,10,Unfurnished,16896984.788140364
Coimbatore,3030.6024258215607,3387.371395667557,2,4,3,2,22,Fully Furnished,18232556.59099809
Salem,1554.405400989393,2336.9755632678434,3,1,3,2,25,Fully Furnished,10024194.98037368
Coimbatore,3597.388979305503,4083.6488149832876,5,1,3,1,13,Unfurnished,22133628.98485471
Salem,1084.5799083083996,1426.393012535087,2,4,1,0,28,Unfurnished,6712281.202429903
Salem,1000.1746749701301,1300.551126943235,5,1,2,1,2,Semi-Furnished,7491447.389697468
Coimbatore,2530.449066362549,3912.7550248144134,1,2,1,1,15,Semi-Furnished,16207326.828408765
Coimbatore,1873.3019789054915,2981.965264824794,4,2,3,2,21,Semi-Furnished,12773217.222864464
Salem,3208.5057375919437,3753.609585710944,4,3,2,0,14,Fully Furnished,19902607.32201688
Madurai,2119.5718502116715,2739.309354414985,3,1,2,1,27,Semi-Furnished,12880244.551250504
Salem,1494.9598875740066,1985.6081329564272,4,2,2,2,9,Fully Furnished,10295049.253630742
Trichy,3657.732075638627,4276.409270696799,1,4,3,1,8,Fully Furnished,22261485.46520998
Salem,3643.276057985135,4197.663515875916,3,1,2,1,10,Fully Furnished,22081938.47998421
Madurai,2477.4395093126786,3778.785883417707,2,2,2,2,15,Fully Furnished,16158020.852008302
Trichy,1699.2248615331591,2088.580548919851,4,1,1,2,9,Semi-Furnished,11187808.535603037
Chennai,2175.7737116276953,3360.9226674763486,3,4,1,0,16,Unfurnished,14614088.903296247
Chennai,2109.036142780804,2443.8955877601074,1,2,2,1,18,Unfurnished,12443337.347825747
Madurai,1133.9627220884154,1366.3282933065366,5,3,2,2,1,Unfurnished,8607426.201365713
Salem,4364.889508256328,4669.2543018489705,5,3,1,2,23,Semi-Furnished,26340107.94937224
Coimbatore,965.7086578745368,1547.2745236758456,1,1,1,0,22,Unfurnished,5832418.38884643
Madurai,2976.4405397225178,4800.94941528321,1,4,1,0,1,Semi-Furnished,19970121.727091182
Trichy,1945.3792213559132,2784.023091831823,5,2,3,2,5,Semi-Furnished,13670034.206299797
